module,protocol,param,value,image_auc,pixel_auc,score,pixel_auc_hit_rate
ela,B,quality,75,0.684064,0.5482450453546156,0.6161545226773077,0.41282565130260523
ela,B,quality,85,0.689532,0.612998946630451,0.6512654733152254,0.5190380761523046
ela,B,quality,90,0.700512,0.5505758760160255,0.6255439380080128,0.4248496993987976
ela,B,quality,95,0.6975840000000001,0.5813891347964328,0.6394865673982164,0.4709418837675351
ela,B,block,8,0.689532,0.612998946630451,0.6512654733152254,0.5190380761523046
ela,B,block,16,0.6499659999999999,0.6272505706819118,0.6386082853409558,0.5450901803607214
ela,B,texture_c,1.0,0.688584,0.611626159092577,0.6501050795462885,0.5170340681362725
ela,B,texture_c,4.0,0.689532,0.612998946630451,0.6512654733152254,0.5190380761523046
ela,B,texture_c,16.0,0.696058,0.6150998482142125,0.6555789241071062,0.5190380761523046
histogram,B,quality,75,0.565528,0.5801487555795017,0.5728383777897509,0.44889779559118237
histogram,B,quality,90,0.52569,0.5709071679765854,0.5482985839882927,0.4288577154308617
histogram,B,quality,95,0.531304,0.5740796343168878,0.5526918171584438,0.4348697394789579
histogram,B,patch,16,0.5705279999999999,0.5894789895585776,0.5800034947792887,0.4408817635270541
histogram,B,patch,32,0.565528,0.5801487555795017,0.5728383777897509,0.44889779559118237
histogram,B,patch,64,0.558292,0.5324520583120825,0.5453720291560413,0.3907815631262525
histogram,B,bins,8,0.558616,0.5931485239790424,0.5758822619895212,0.4649298597194389
histogram,B,bins,16,0.570526,0.5894789895585776,0.5800024947792888,0.4408817635270541
histogram,B,bins,32,0.556306,0.5878331982477849,0.5720695991238924,0.4408817635270541
noise,B,kernel,laplacian,0.5981920000000001,0.4680438353778853,0.5331179176889427,0.1963927855711423
noise,B,kernel,immerkaer,0.640412,0.4908959978173458,0.5656539989086729,0.24048096192384769
noise,B,block,8,0.6404099999999999,0.4908959978173458,0.5656529989086728,0.24048096192384769
noise,B,block,16,0.557962,0.5537373168142733,0.5558496584071366,0.40681362725450904
noise,B,edge_quantile,0.4,0.635,0.4619513073115093,0.5484756536557547,0.21442885771543085
noise,B,edge_quantile,0.6,0.640412,0.4908959978173458,0.5656539989086729,0.24048096192384769
noise,B,edge_quantile,0.8,0.606332,0.5468760464195036,0.5766040232097518,0.37074148296593185
noise,B,min_std,0.5,0.5787260000000001,0.5455984148930992,0.5621622074465497,0.374749498997996
noise,B,min_std,1.0,0.606332,0.5468760464195036,0.5766040232097518,0.37074148296593185
noise,B,min_std,2.0,0.608824,0.5596977719779292,0.5842608859889646,0.4088176352705411
jpeg_ghost,B,block,8,0.762038,0.5944386591629494,0.6782383295814747,0.48296593186372744
jpeg_ghost,B,block,16,0.7541259999999999,0.6221225166140865,0.6881242583070432,0.5450901803607214
jpeg_ghost,B,block,32,0.653994,0.6400603083995187,0.6470271541997593,0.5971943887775552
jpeg_ghost,B,min_std,1.0,0.747906,0.6114005016737428,0.6796532508368713,0.531062124248497
jpeg_ghost,B,min_std,2.0,0.7541259999999999,0.6221225166140865,0.6881242583070432,0.5450901803607214
jpeg_ghost,B,min_std,4.0,0.744878,0.6452048026215202,0.6950414013107602,0.5811623246492986
dct_dq,B,n_freq,3,0.6708459999999999,0.60318182527012,0.63701391263506,0.43687374749499
dct_dq,B,n_freq,6,0.782028,0.6233086376748929,0.7026683188374464,0.5070140280561122
dct_dq,B,n_freq,9,0.7960440000000001,0.6296042719947254,0.7128241359973627,0.5270541082164328
dct_dq,B,n_freq,15,0.7925099999999999,0.6470120562294299,0.7197610281147149,0.5891783567134269
dct_dq,B,alpha,0.001,0.5,0.5,0.5,0.0
dct_dq,B,alpha,0.01,0.7925079999999999,0.6470120562294299,0.719760028114715,0.5891783567134269
dct_dq,B,alpha,0.05,0.797492,0.6682161023586525,0.7328540511793262,0.6533066132264529
edges,B,low,30,0.61012,0.5740700363968759,0.5920950181984379,0.45691382765531063
edges,B,low,50,0.547208,0.586200835277968,0.5667044176389839,0.48296593186372744
edges,B,low,80,0.54471,0.5942046772827637,0.5694573386413819,0.503006012024048
edges,B,block,16,0.61012,0.5740700363968759,0.5920950181984379,0.45691382765531063
edges,B,block,32,0.56764,0.5540610181458693,0.5608505090729347,0.4188376753507014
cm_keypoint,B,detector,harris,0.5636340000000001,0.5122402227751296,0.5379371113875648,0.05750798722044728
cm_keypoint,B,detector,sift,0.74352,0.7189517079862761,0.7312358539931381,0.5623003194888179
cm_keypoint,B,ratio,0.5,0.743488,0.7015667300120705,0.7225273650060353,0.5175718849840255
cm_keypoint,B,ratio,0.6,0.74352,0.7189517079862761,0.7312358539931381,0.5623003194888179
cm_keypoint,B,ratio,0.7,0.706184,0.7505031572457188,0.7283435786228594,0.6485623003194888
cm_keypoint,B,contrast,0.005,0.73439,0.7231890151756729,0.7287895075878364,0.5686900958466453
cm_keypoint,B,contrast,0.01,0.74352,0.7189517079862761,0.7312358539931381,0.5623003194888179
cm_keypoint,B,contrast,0.04,0.7220459999999999,0.6866327863616195,0.7043393931808097,0.4952076677316294
cm_block,B,tol,1.0,0.539518,0.5199861493151081,0.5297520746575541,0.08306709265175719
cm_block,B,tol,1.5,0.61801,0.5270259820123865,0.5725179910061933,0.14057507987220447
cm_block,B,tol,2.5,0.6100720000000001,0.5373090662158866,0.5736905331079434,0.25878594249201275
cm_block,B,min_std,2.0,0.6075499999999999,0.5118262729903011,0.5596881364951505,0.1757188498402556
cm_block,B,min_std,4.0,0.61801,0.5270259820123865,0.5725179910061933,0.14057507987220447
cm_block,B,min_std,8.0,0.603504,0.5251228097104408,0.5643134048552204,0.10862619808306709
cm_block,B,min_votes,5,0.611548,0.5260432015829286,0.5687956007914643,0.16613418530351437
cm_block,B,min_votes,8,0.61801,0.5270259820123865,0.5725179910061933,0.14057507987220447
cm_block,B,min_votes,15,0.586414,0.5261626611163347,0.5562883305581674,0.11182108626198083
