module,protocol,default,chosen,image_auc,pixel_auc,score,pixel_auc_hit_rate,default_image_auc,default_pixel_auc,default_score,default_pixel_auc_hit_rate
ela,B,"{""quality"": 90, ""block"": 8, ""texture_c"": 4.0, ""min_std"": 2.0}","{""quality"": 85, ""block"": 8, ""texture_c"": 16.0, ""min_std"": 2.0}",0.696058,0.6150998482142125,0.6555789241071062,0.5190380761523046,0.700512,0.5505758760160255,0.6255439380080128,0.4248496993987976
ela,R,"{""quality"": 90, ""block"": 8, ""texture_c"": 4.0, ""min_std"": 2.0}","{""quality"": 85, ""block"": 8, ""texture_c"": 16.0, ""min_std"": 2.0}",0.638016,0.6252159852400293,0.6316159926200147,0.533066132264529,0.6458400000000001,0.5063400937736228,0.5760900468868114,0.3066132264529058
histogram,B,"{""quality"": 90, ""patch"": 32, ""bins"": 16, ""min_std"": 2.0}","{""quality"": 75, ""patch"": 16, ""bins"": 16, ""min_std"": 2.0}",0.570526,0.5894789895585776,0.5800024947792888,0.4408817635270541,0.52569,0.5709071679765854,0.5482985839882927,0.4288577154308617
histogram,R,"{""quality"": 90, ""patch"": 32, ""bins"": 16, ""min_std"": 2.0}","{""quality"": 75, ""patch"": 16, ""bins"": 16, ""min_std"": 2.0}",0.511396,0.5625982722922841,0.5369971361461421,0.40080160320641284,0.5226120000000001,0.5324323864099849,0.5275221932049925,0.40080160320641284
noise,B,"{""kernel"": ""immerkaer"", ""block"": 8, ""edge_quantile"": 0.6, ""min_pixels"": 16, ""min_std"": 1.0}","{""kernel"": ""immerkaer"", ""block"": 8, ""edge_quantile"": 0.8, ""min_pixels"": 16, ""min_std"": 2.0}",0.608824,0.5596977719779292,0.5842608859889646,0.4088176352705411,0.640412,0.4908959978173458,0.5656539989086729,0.24048096192384769
noise,R,"{""kernel"": ""immerkaer"", ""block"": 8, ""edge_quantile"": 0.6, ""min_pixels"": 16, ""min_std"": 1.0}","{""kernel"": ""immerkaer"", ""block"": 8, ""edge_quantile"": 0.8, ""min_pixels"": 16, ""min_std"": 2.0}",0.5916939999999999,0.5441505256118214,0.5679222628059106,0.38276553106212424,0.569402,0.48654692317556797,0.5279744615877839,0.22645290581162325
jpeg_ghost,B,"{""block"": 16, ""min_std"": 2.0}","{""block"": 16, ""min_std"": 4.0}",0.744878,0.6452048026215202,0.6950414013107602,0.5811623246492986,0.7541259999999999,0.6221225166140865,0.6881242583070432,0.5450901803607214
jpeg_ghost,R,"{""block"": 16, ""min_std"": 2.0}","{""block"": 16, ""min_std"": 4.0}",0.602146,0.5415101368563023,0.5718280684281511,0.38877755511022044,0.579338,0.5203342268781126,0.5498361134390564,0.3366733466933868
dct_dq,B,"{""n_freq"": 9, ""alpha"": 0.01}","{""n_freq"": 15, ""alpha"": 0.05}",0.7974920000000001,0.6682161023586525,0.7328540511793262,0.6533066132264529,0.7960440000000001,0.6296042719947254,0.7128241359973627,0.5270541082164328
dct_dq,R,"{""n_freq"": 9, ""alpha"": 0.01}","{""n_freq"": 15, ""alpha"": 0.05}",0.49138,0.5430902586342538,0.5172351293171269,0.2625250501002004,0.507744,0.507156377099168,0.507450188549584,0.03206412825651302
edges,B,"{""low"": 50, ""high"": 150, ""block"": 16, ""min_edge_pixels"": 6}","{""low"": 30, ""high"": 90, ""block"": 16, ""min_edge_pixels"": 6}",0.610124,0.5740700363968759,0.592097018198438,0.45691382765531063,0.54721,0.586200835277968,0.566705417638984,0.48296593186372744
edges,R,"{""low"": 50, ""high"": 150, ""block"": 16, ""min_edge_pixels"": 6}","{""low"": 30, ""high"": 90, ""block"": 16, ""min_edge_pixels"": 6}",0.57507,0.5678992554065341,0.571484627703267,0.4228456913827655,0.58545,0.5678757723321376,0.5766628861660688,0.4408817635270541
cm_keypoint,B,"{""detector"": ""sift"", ""contrast"": 0.01, ""ratio"": 0.6, ""min_shift"": 20.0, ""ransac_px"": 3.0, ""min_inliers"": 4, ""mirror"": true}","{""detector"": ""sift"", ""contrast"": 0.01, ""ratio"": 0.6, ""min_shift"": 20.0, ""ransac_px"": 3.0, ""min_inliers"": 4, ""mirror"": true}",0.74352,0.7189517079862761,0.7312358539931381,0.5623003194888179,0.74352,0.7189517079862761,0.7312358539931381,0.5623003194888179
cm_keypoint,R,"{""detector"": ""sift"", ""contrast"": 0.01, ""ratio"": 0.6, ""min_shift"": 20.0, ""ransac_px"": 3.0, ""min_inliers"": 4, ""mirror"": true}","{""detector"": ""sift"", ""contrast"": 0.01, ""ratio"": 0.6, ""min_shift"": 20.0, ""ransac_px"": 3.0, ""min_inliers"": 4, ""mirror"": true}",0.72816,0.6828154686265162,0.7054877343132582,0.4792332268370607,0.72816,0.6828154686265162,0.7054877343132582,0.4792332268370607
cm_block,B,"{""block"": 16, ""stride"": 4, ""n_coef"": 9, ""tol"": 1.5, ""min_std"": 4.0, ""min_votes"": 8, ""mirror"": true}","{""block"": 16, ""stride"": 4, ""n_coef"": 9, ""tol"": 1.5, ""min_std"": 4.0, ""min_votes"": 8, ""mirror"": true}",0.61801,0.5270259820123865,0.5725179910061933,0.14057507987220447,0.61801,0.5270259820123865,0.5725179910061933,0.14057507987220447
cm_block,R,"{""block"": 16, ""stride"": 4, ""n_coef"": 9, ""tol"": 1.5, ""min_std"": 4.0, ""min_votes"": 8, ""mirror"": true}","{""block"": 16, ""stride"": 4, ""n_coef"": 9, ""tol"": 1.5, ""min_std"": 4.0, ""min_votes"": 8, ""mirror"": true}",0.561148,0.5172009229376342,0.5391744614688171,0.09904153354632587,0.561148,0.5172009229376342,0.5391744614688171,0.09904153354632587
