protocol,feature_set,balanced_accuracy_mean,balanced_accuracy_std,roc_auc_mean,roc_auc_std,accuracy_mean,majority_accuracy,n_images
A,metadata,0.9903960663262878,0.001748102029015995,0.9986736329237788,0.00028804325091514997,0.9893681040140427,0.5939192914776079,10722
A,dimensions,0.6032544863735636,0.006894734320466204,0.6420742761802538,0.005607796611376078,0.6520257223180613,0.5939192914776079,10722
A,naive_ela,0.6955550886701086,0.0067915200507167,0.7784500386846986,0.007386801409749574,0.6989392054142591,0.5939192914776079,10722
A,dct_dq,0.8438250609738039,0.013344537837017485,0.941484010523611,0.008960280949656277,0.8606595895543021,0.5939192914776079,10722
A,ghost_curve,0.9108684224653875,0.004654826410331175,0.9682754217169502,0.0030183689015461823,0.9048703277579561,0.5939192914776079,10722
A,compression_history,0.9282528682004954,0.00623337713959765,0.9813016108204587,0.0033447007891290433,0.9214695482910569,0.5939192914776079,10722
A,all,0.9892083703000367,0.002520327319132583,0.999352698185103,0.00019039131081324001,0.9889947080624399,0.5939192914776079,10722
C,metadata,0.9906821721410329,0.0016728180778729233,0.9959331347727787,0.0008107317582470616,0.9863812340986421,0.7827164117340526,8077
C,dimensions,0.5974961798759955,0.015171770400369992,0.6453056690577699,0.012422490003297289,0.7851934984520124,0.7827164117340526,8077
C,naive_ela,0.6782733675876906,0.014899705836360622,0.7819642988863217,0.01520397634866059,0.7460710235110198,0.7827164117340526,8077
C,dct_dq,0.8218679508286002,0.01906707534189457,0.9351461183159622,0.017023087562933307,0.9080115256107654,0.7827164117340526,8077
C,ghost_curve,0.943799643776391,0.005960952953414581,0.9879437832390071,0.001807217328343735,0.9503537381601938,0.7827164117340526,8077
C,compression_history,0.9547808887004677,0.011105467058176487,0.9902708337597845,0.0033560301979389546,0.9627339607025718,0.7827164117340526,8077
C,all,0.986199469887417,0.003409782992113771,0.9984265543822197,0.000534975446563391,0.9861337859792171,0.7827164117340526,8077
B75,metadata,0.5027355208191524,0.004156360844080426,0.5074677591700639,0.007522727166337421,0.50942108045439,0.5939192914776079,10722
B75,dimensions,0.6032544863735636,0.006894734320466204,0.6420742761802538,0.005607796611376078,0.6520257223180613,0.5939192914776079,10722
B75,naive_ela,0.5408021731001365,0.010210571659828346,0.5624943339812142,0.00855394172347259,0.5578209198852306,0.5939192914776079,10722
B75,dct_dq,0.778892865064929,0.006932835262316479,0.86447987841816,0.007521050713517042,0.791828675821024,0.5939192914776079,10722
B75,ghost_curve,0.6758855515117042,0.010741975300199469,0.7388353551214355,0.01269630133952341,0.6936182512086209,0.5939192914776079,10722
B75,compression_history,0.7781179718140327,0.007774245437119304,0.8685961245692241,0.0074164231291770156,0.7921087437681319,0.5939192914776079,10722
B75,all,0.7905697556005098,0.006876441815497121,0.8722362391377482,0.008402742290997425,0.7988239037486714,0.5939192914776079,10722
B85,metadata,0.5084258434298702,0.01620976000274167,0.51012462269947,0.015162158317064932,0.5144496523395512,0.5939192914776079,10722
B85,dimensions,0.6032544863735636,0.006894734320466204,0.6420742761802538,0.005607796611376078,0.6520257223180613,0.5939192914776079,10722
B85,naive_ela,0.5641546489504959,0.010000049875278307,0.597104867813084,0.010199557573609751,0.5808599738750582,0.5939192914776079,10722
B85,dct_dq,0.7880357713876417,0.005774701614632637,0.8614655350337858,0.00869723495533577,0.7977984375309237,0.5939192914776079,10722
B85,ghost_curve,0.6647574167806667,0.008662275400892643,0.7182152538936208,0.006511748834206449,0.6828038799501591,0.5939192914776079,10722
B85,compression_history,0.7885473932251565,0.009892546813582414,0.8695412542926565,0.006195289990220946,0.7995701294844145,0.5939192914776079,10722
B85,all,0.7972710656444991,0.0072035116578629274,0.875848829531314,0.0035396407571019898,0.805354236769082,0.5939192914776079,10722
B95,metadata,0.509324747050017,0.003960366850210018,0.5169637598790506,0.00491256952467614,0.5161363700899667,0.5939192914776079,10722
B95,dimensions,0.6032544863735636,0.006894734320466204,0.6420742761802538,0.005607796611376078,0.6520257223180613,0.5939192914776079,10722
B95,naive_ela,0.6645264143544742,0.008691135176299993,0.736064517517191,0.011494727168850997,0.6717010396800216,0.5939192914776079,10722
B95,dct_dq,0.8080369159288961,0.003598822273933,0.8816875012110991,0.005345167525237444,0.816638116936738,0.5939192914776079,10722
B95,ghost_curve,0.8397540071337912,0.011011741619672916,0.9205920158696245,0.005730289105369926,0.840979224479989,0.5939192914776079,10722
B95,compression_history,0.8210940127051225,0.00547607088103978,0.9021951886180346,0.0027183186781298938,0.8272717969815016,0.5939192914776079,10722
B95,all,0.8553638413723041,0.006648200663889395,0.9358082923846698,0.005193447606750151,0.8580495198865442,0.5939192914776079,10722
R85,metadata,0.50328241425662,0.006137265181863424,0.5087603292859462,0.011833431028978098,0.5111917302181372,0.5939192914776079,10722
R85,dimensions,0.603967627025616,0.006432986956406068,0.6428147799457167,0.005873348726967859,0.652398595753853,0.5939192914776079,10722
R85,naive_ela,0.5393507120763863,0.010643235385056517,0.55612906249656,0.008536841135603978,0.5583811049488746,0.5939192914776079,10722
R85,dct_dq,0.5569703399433026,0.011211803503523292,0.6106572471083054,0.015647168700332146,0.6149962146636104,0.5939192914776079,10722
R85,ghost_curve,0.6235903988874587,0.012688128843618009,0.671567350288107,0.013687091685256144,0.6469900559840314,0.5939192914776079,10722
R85,compression_history,0.6079566694797419,0.004112661412772887,0.682773657396514,0.006960680336530304,0.6484827719595816,0.5939192914776079,10722
R85,all,0.6493870450580561,0.011400755297001052,0.720156014349661,0.011805760301558344,0.6786082925489846,0.5939192914776079,10722
B85-jpeg-sources,metadata,0.5156141764684692,0.017905025873454394,0.5139123474947043,0.021823028389339878,0.5810300248291083,0.7827164117340526,8077
B85-jpeg-sources,dimensions,0.5974961798759955,0.015171770400369992,0.6453056690577699,0.012422490003297289,0.7851934984520124,0.7827164117340526,8077
B85-jpeg-sources,naive_ela,0.5794121716890704,0.012804294174404856,0.6431362162666494,0.012903744355673446,0.6924614535756981,0.7827164117340526,8077
B85-jpeg-sources,dct_dq,0.9151537191507609,0.014023929994547966,0.976060348590264,0.005382924502423815,0.9445329215584097,0.7827164117340526,8077
B85-jpeg-sources,ghost_curve,0.6693962950052659,0.019562746139003228,0.7668628946021746,0.0205918202133477,0.7911355485393741,0.7827164117340526,8077
B85-jpeg-sources,compression_history,0.919101079761165,0.008498584477091177,0.9781875715816192,0.0043212867730430355,0.9465144223400668,0.7827164117340526,8077
B85-jpeg-sources,all,0.9252792932622322,0.005970746333305386,0.982547503104423,0.003175225894069053,0.9497333936179995,0.7827164117340526,8077
B85-au-vs-tiff,metadata,0.5112264984339753,0.013867667363203235,0.5123393821787424,0.020293280521310287,0.5497931755744256,0.7101596274546561,8967
B85-au-vs-tiff,dimensions,0.6126948410814956,0.004416588699792803,0.6504101840334687,0.010689916890020171,0.7249921163348076,0.7101596274546561,8967
B85-au-vs-tiff,naive_ela,0.5351044398685698,0.013998592653715633,0.5633478672461634,0.010435267174893,0.6091246232650607,0.7101596274546561,8967
B85-au-vs-tiff,dct_dq,0.7255209811953984,0.0084652257707065,0.7981188187866588,0.01295710968880658,0.7770714647421352,0.7101596274546561,8967
B85-au-vs-tiff,ghost_curve,0.6564365046072379,0.013728591321443127,0.7195858494205428,0.01486285823450887,0.7213141815339902,0.7101596274546561,8967
B85-au-vs-tiff,compression_history,0.7247303324475562,0.009779831764378258,0.8111889396527333,0.01032723275037899,0.7788561211228089,0.7101596274546561,8967
B85-au-vs-tiff,all,0.7353219841379259,0.009224613038412313,0.8177313600882326,0.007466418828576154,0.7832068085844093,0.7101596274546561,8967
