protocol,feature_set,fold,n_test,balanced_accuracy,accuracy,roc_auc,majority_accuracy
A,metadata,0,2145,0.9880737599287706,0.9864801864801864,0.9983904892876518,0.593939393939394
A,metadata,1,2146,0.9916079169847191,0.9906803355079217,0.9989346744343468,0.5936626281453867
A,metadata,2,2142,0.9925684914164177,0.9915966386554622,0.9989731713316308,0.5947712418300654
A,metadata,3,2145,0.9900631139329907,0.9892773892773893,0.9983685507758167,0.5934731934731935
A,metadata,4,2144,0.9896670493685419,0.9888059701492538,0.9987012787894476,0.59375
A,dimensions,0,2145,0.5967981911478714,0.6461538461538462,0.6361212594196028,0.593939393939394
A,dimensions,1,2146,0.6050266083850618,0.6528424976700838,0.6435426058214393,0.5936626281453867
A,dimensions,2,2142,0.6126120423355446,0.6605975723622782,0.6498374074904687,0.5947712418300654
A,dimensions,3,2145,0.605757277110344,0.6536130536130537,0.6370768681940371,0.5934731934731935
A,dimensions,4,2144,0.5960783128889964,0.6469216417910447,0.6437932399757211,0.59375
A,naive_ela,0,2145,0.6930926216640503,0.6932400932400933,0.7717229875258413,0.593939393939394
A,naive_ela,1,2146,0.6996403007215589,0.7022367194780987,0.78197461941728,0.5936626281453867
A,naive_ela,2,2142,0.705246366536689,0.7100840336134454,0.7869084092339523,0.5947712418300654
A,naive_ela,3,2145,0.6885157145225106,0.6941724941724942,0.7696890967662893,0.5934731934731935
A,naive_ela,4,2144,0.6912804399057345,0.6949626865671642,0.78195508048013,0.59375
A,dct_dq,0,2145,0.8239708053140888,0.8456876456876457,0.9322888035369584,0.593939393939394
A,dct_dq,1,2146,0.8513269986893841,0.8657968313140727,0.946929053908084,0.5936626281453867
A,dct_dq,2,2142,0.8376082442902719,0.8557422969187675,0.9364234350244883,0.5947712418300654
A,dct_dq,3,2145,0.848070727963274,0.8634032634032635,0.9374477503837644,0.5934731934731935
A,dct_dq,4,2144,0.8581485286120007,0.8726679104477612,0.9543310097647599,0.59375
A,ghost_curve,0,2145,0.9047892406101361,0.8979020979020979,0.9644425199206239,0.593939393939394
A,ghost_curve,1,2146,0.9106485748851411,0.9040074557315937,0.9667435693402273,0.5936626281453867
A,ghost_curve,2,2142,0.914316098647896,0.9094304388422035,0.9724338778403954,0.5947712418300654
A,ghost_curve,3,2145,0.9081884157195673,0.9030303030303031,0.9680466571055875,0.5934731934731935
A,ghost_curve,4,2144,0.9163997824641972,0.909981343283582,0.9697104843779171,0.59375
A,compression_history,0,2145,0.9186836617540242,0.9109557109557109,0.9754491039549265,0.593939393939394
A,compression_history,1,2146,0.9342522647732346,0.9273066169617894,0.982116302766696,0.5936626281453867
A,compression_history,2,2142,0.9257798652959943,0.9211017740429505,0.9820248464504553,0.5947712418300654
A,compression_history,3,2145,0.9299544347312207,0.9230769230769231,0.9834877699863791,0.5934731934731935
A,compression_history,4,2144,0.9325941144480029,0.9249067164179104,0.9834300309438366,0.59375
A,all,0,2145,0.9850511961386161,0.9846153846153847,0.999055561463303,0.593939393939394
A,all,1,2146,0.9900992683594256,0.9897483690587139,0.9995616277562542,0.5936626281453867
A,all,2,2142,0.989137590520079,0.9892623716153128,0.9993045959964985,0.5947712418300654
A,all,3,2145,0.9918148273600611,0.9911421911421912,0.9994477756077171,0.5934731934731935
A,all,4,2144,0.9899389691220013,0.9902052238805971,0.9993939301017422,0.59375
C,metadata,0,1616,0.9889328063241107,0.9826732673267327,0.9957445131358176,0.7827970297029703
C,metadata,1,1616,0.9928797468354431,0.9888613861386139,0.9947440934263522,0.7821782178217822
C,metadata,2,1615,0.9914568040654996,0.9882352941176471,0.9969960474308301,0.78328173374613
C,metadata,3,1615,0.9890818276894227,0.9845201238390093,0.9961051606621227,0.7826625386996904
C,metadata,4,1615,0.9910596757906884,0.9876160990712074,0.9960758592087706,0.7826625386996904
C,dimensions,0,1616,0.5772012206794815,0.7747524752475248,0.6240295935948111,0.7827970297029703
C,dimensions,1,1616,0.6009241944764097,0.7877475247524752,0.6472654002445337,0.7821782178217822
C,dimensions,2,1615,0.6109316770186335,0.7919504643962848,0.656618859401468,0.78328173374613
C,dimensions,3,1615,0.6116757275776263,0.7931888544891641,0.6486958599300372,0.7826625386996904
C,dimensions,4,1615,0.5867480796278265,0.778328173374613,0.6499186321179992,0.7826625386996904
C,naive_ela,0,1616,0.6560228821098386,0.7289603960396039,0.7557751427316645,0.7827970297029703
C,naive_ela,1,1616,0.6899992807825086,0.7475247524752475,0.791775298475259,0.7821782178217822
C,naive_ela,2,1615,0.6814003387916432,0.756656346749226,0.7933529079616035,0.78328173374613
C,naive_ela,3,1615,0.6924192632262253,0.7504643962848297,0.784887888131559,0.7826625386996904
C,naive_ela,4,1615,0.6715250730282376,0.746749226006192,0.7840302571315229,0.7826625386996904
C,dct_dq,0,1616,0.7887120930599192,0.8948019801980198,0.9091550961116179,0.7827970297029703
C,dct_dq,1,1616,0.8310917721518987,0.9121287128712872,0.9458384277905639,0.7821782178217822
C,dct_dq,2,1615,0.8352851496329757,0.9151702786377709,0.9348910220214568,0.78328173374613
C,dct_dq,3,1615,0.8229707616574705,0.9065015479876161,0.931781708680443,0.7826625386996904
C,dct_dq,4,1615,0.8312799776407371,0.9114551083591331,0.9540643369757293,0.7826625386996904
C,ghost_curve,0,1616,0.9423352814657162,0.9467821782178217,0.9856862943819465,0.7827970297029703
C,ghost_curve,1,1616,0.9413837744533946,0.9467821782178217,0.9868225870253164,0.7821782178217822
C,ghost_curve,2,1615,0.9543704121964991,0.9560371517027864,0.9904517221908525,0.78328173374613
C,ghost_curve,3,1615,0.9403354791013019,0.951702786377709,0.9882343395001624,0.7826625386996904
C,ghost_curve,4,1615,0.9405732716650439,0.9504643962848297,0.9885239730967579,0.7826625386996904
C,compression_history,0,1616,0.9411416280981498,0.9529702970297029,0.9845095323356192,0.7827970297029703
C,compression_history,1,1616,0.9615398446490219,0.9702970297029703,0.9910468660097815,0.7821782178217822
C,compression_history,2,1615,0.9444946357989836,0.961609907120743,0.9905273856578205,0.78328173374613
C,compression_history,3,1615,0.9613074308485701,0.9603715170278638,0.9925619387644704,0.7826625386996904
C,compression_history,4,1615,0.9654209041076129,0.968421052631579,0.9927084460312309,0.7826625386996904
C,all,0,1616,0.9819668254450863,0.9814356435643564,0.9975946758555454,0.7827970297029703
C,all,1,1616,0.9883846375143843,0.9882425742574258,0.9988897079976985,0.7821782178217822
C,all,2,1615,0.9830378317334838,0.9863777089783282,0.9981908526256352,0.78328173374613
C,all,3,1615,0.9884484655054275,0.9851393188854489,0.9987332756320098,0.7826625386996904
C,all,4,1615,0.9891595892387031,0.9894736842105263,0.9987242598002091,0.7826625386996904
B75,metadata,0,2145,0.5013296937603974,0.5081585081585082,0.5025269137947505,0.593939393939394
B75,metadata,1,2146,0.4999189866489997,0.5097856477166822,0.5052856710785938,0.5936626281453867
B75,metadata,2,2142,0.5046969159872385,0.5121381886087768,0.518820670770967,0.5947712418300654
B75,metadata,3,2145,0.49872844252902554,0.5025641025641026,0.4999049597497784,0.5934731934731935
B75,metadata,4,2144,0.5090035651701009,0.5144589552238806,0.5108005804562299,0.59375
B75,dimensions,0,2145,0.5967981911478714,0.6461538461538462,0.6361212594196028,0.593939393939394
B75,dimensions,1,2146,0.6050266083850618,0.6528424976700838,0.6435426058214393,0.5936626281453867
B75,dimensions,2,2142,0.6126120423355446,0.6605975723622782,0.6498374074904687,0.5947712418300654
B75,dimensions,3,2145,0.605757277110344,0.6536130536130537,0.6370768681940371,0.5934731934731935
B75,dimensions,4,2144,0.5960783128889964,0.6469216417910447,0.6437932399757211,0.59375
B75,naive_ela,0,2145,0.544342650952459,0.5627039627039627,0.5687313342717639,0.593939393939394
B75,naive_ela,1,2146,0.5353938329036625,0.5540540540540541,0.553248275315772,0.5936626281453867
B75,naive_ela,2,2142,0.5277953613207069,0.542016806722689,0.5532020234538338,0.5947712418300654
B75,naive_ela,3,2145,0.555147217798021,0.5729603729603729,0.5704171681428685,0.5934731934731935
B75,naive_ela,4,2144,0.5413318025258325,0.5573694029850746,0.5668728687218328,0.59375
B75,dct_dq,0,2145,0.7826155720612011,0.7944055944055944,0.8742738727567333,0.593939393939394
B75,dct_dq,1,2146,0.7784311854593637,0.7917054986020503,0.8583337534025608,0.5936626281453867
B75,dct_dq,2,2142,0.7670405631235124,0.7866479925303455,0.8610191240622446,0.5947712418300654
B75,dct_dq,3,2145,0.7838221675302868,0.7920745920745921,0.8580391439711149,0.5934731934731935
B75,dct_dq,4,2144,0.782554837150281,0.7943097014925373,0.870733497898146,0.59375
B75,ghost_curve,0,2145,0.6787764474331639,0.6937062937062937,0.733256041973444,0.593939393939394
B75,ghost_curve,1,2146,0.686129074071407,0.7003727865796832,0.7585658116457593,0.5936626281453867
B75,ghost_curve,2,2142,0.6633602572542665,0.6858076563958917,0.7327650131303851,0.5947712418300654
B75,ghost_curve,3,2145,0.6658033468581765,0.6895104895104895,0.7259953551892877,0.5934731934731935
B75,ghost_curve,4,2144,0.685358631941507,0.6986940298507462,0.7435945536683011,0.59375
B75,compression_history,0,2145,0.7845778954520959,0.7967365967365967,0.8758212019242034,0.593939393939394
B75,compression_history,1,2146,0.7772537914248268,0.7903075489282386,0.8639695821871445,0.5936626281453867
B75,compression_history,2,2142,0.7668316706335139,0.7861811391223156,0.8635032265298889,0.5947712418300654
B75,compression_history,3,2145,0.7756856410847741,0.7892773892773893,0.8621830790518676,0.5934731934731935
B75,compression_history,4,2144,0.7862408604749531,0.7980410447761194,0.8775035331530155,0.59375
B75,all,0,2145,0.7973652147426135,0.8037296037296038,0.8778303867692092,0.593939393939394
B75,all,1,2146,0.7935176717122983,0.8010251630941286,0.8686818587703254,0.5936626281453867
B75,all,2,2142,0.7836506811161189,0.7950513538748832,0.8674857482872624,0.5947712418300654
B75,all,3,2145,0.7827384384211247,0.7920745920745921,0.8632897799750643,0.5934731934731935
B75,all,4,2144,0.7955767720103935,0.8022388059701493,0.8838934218868796,0.59375
B85,metadata,0,2145,0.5012886899880503,0.5132867132867133,0.5071161821612863,0.593939393939394
B85,metadata,1,2146,0.5369168839024672,0.5386766076421249,0.5369258853859116,0.5936626281453867
B85,metadata,2,2142,0.49860738340001015,0.5014005602240896,0.5007094205991507,0.5947712418300654
B85,metadata,3,2145,0.5062226590370216,0.5118881118881119,0.503253439466117,0.5934731934731935
B85,metadata,4,2144,0.49909360082180193,0.5069962686567164,0.5026181858848846,0.59375
B85,dimensions,0,2145,0.5967981911478714,0.6461538461538462,0.6361212594196028,0.593939393939394
B85,dimensions,1,2146,0.6050266083850618,0.6528424976700838,0.6435426058214393,0.5936626281453867
B85,dimensions,2,2142,0.6126120423355446,0.6605975723622782,0.6498374074904687,0.5947712418300654
B85,dimensions,3,2145,0.605757277110344,0.6536130536130537,0.6370768681940371,0.5934731934731935
B85,dimensions,4,2144,0.5960783128889964,0.6469216417910447,0.6437932399757211,0.59375
B85,naive_ela,0,2145,0.554552590266876,0.5720279720279721,0.5890273004017468,0.593939393939394
B85,naive_ela,1,2146,0.5607177062779947,0.5787511649580616,0.5898303040341047,0.5936626281453867
B85,naive_ela,2,2142,0.5559831873195928,0.5709617180205415,0.5901298750623964,0.5947712418300654
B85,naive_ela,3,2145,0.5762222806777315,0.5934731934731935,0.6080999517141477,0.5934731934731935
B85,naive_ela,4,2144,0.5732974802102846,0.5890858208955224,0.6084369078530244,0.59375
B85,dct_dq,0,2145,0.7950690034911783,0.8018648018648019,0.8752228172024793,0.593939393939394
B85,dct_dq,1,2146,0.7914383290366251,0.8024231127679403,0.8641671647487505,0.5936626281453867
B85,dct_dq,2,2142,0.7847204638679293,0.7978524743230626,0.8528072076047717,0.5947712418300654
B85,dct_dq,3,2145,0.7802327089804478,0.7897435897435897,0.8570108174722717,0.5934731934731935
B85,dct_dq,4,2144,0.788718351562028,0.7971082089552238,0.8581196681406552,0.59375
B85,ghost_curve,0,2145,0.6658192553714941,0.6811188811188811,0.7209986175871037,0.593939393939394
B85,ghost_curve,1,2146,0.6651862226894992,0.6845293569431501,0.7241702432560886,0.5936626281453867
B85,ghost_curve,2,2142,0.6763242517850813,0.6946778711484594,0.7231989126738962,0.5947712418300654
B85,ghost_curve,3,2145,0.664544851791261,0.6815850815850816,0.7132802309072696,0.5934731934731935
B85,ghost_curve,4,2144,0.651912502265998,0.6721082089552238,0.7094282650437461,0.59375
B85,compression_history,0,2145,0.7959417980739942,0.8041958041958042,0.8777222449520301,0.593939393939394
B85,compression_history,1,2146,0.791953213889649,0.8047530288909599,0.8691305827200323,0.5936626281453867
B85,compression_history,2,2142,0.7816820276497696,0.795985060690943,0.867376328411549,0.5947712418300654
B85,compression_history,3,2145,0.7749545968852022,0.7864801864801865,0.8609925985716036,0.5934731934731935
B85,compression_history,4,2144,0.7982053296271678,0.8064365671641791,0.8724845168080679,0.59375
B85,all,0,2145,0.7973652147426135,0.8037296037296038,0.8780164808129381,0.593939393939394
B85,all,1,2146,0.7985918079299469,0.8094128611369991,0.8768849106332725,0.5936626281453867
B85,all,2,2142,0.7975262065123816,0.8071895424836601,0.8760842514957066,0.5947712418300654
B85,all,3,2145,0.7863278969709636,0.7944055944055944,0.8697489135683246,0.5934731934731935
B85,all,4,2144,0.80654420206659,0.8120335820895522,0.8785095911463289,0.59375
B95,metadata,0,2145,0.5037782047376931,0.5095571095571095,0.5168147007986273,0.593939393939394
B95,metadata,1,2146,0.51213850042487,0.516775396085741,0.513867685394553,0.5936626281453867
B95,metadata,2,2142,0.5085645920899378,0.5191409897292251,0.5107760491647917,0.5947712418300654
B95,metadata,3,2145,0.5081234640414537,0.5132867132867133,0.5202399698753937,0.5934731934731935
B95,metadata,4,2144,0.5140189739561303,0.5219216417910447,0.5231203941618874,0.59375
B95,dimensions,0,2145,0.5967981911478714,0.6461538461538462,0.6361212594196028,0.593939393939394
B95,dimensions,1,2146,0.6050266083850618,0.6528424976700838,0.6435426058214393,0.5936626281453867
B95,dimensions,2,2142,0.6126120423355446,0.6605975723622782,0.6498374074904687,0.5947712418300654
B95,dimensions,3,2145,0.605757277110344,0.6536130536130537,0.6370768681940371,0.5934731934731935
B95,dimensions,4,2144,0.5960783128889964,0.6469216417910447,0.6437932399757211,0.59375
B95,naive_ela,0,2145,0.6724911549005366,0.6745920745920746,0.7480052340639515,0.593939393939394
B95,naive_ela,1,2146,0.6735341984359022,0.679403541472507,0.7479022042832658,0.5936626281453867
B95,naive_ela,2,2142,0.662758900086089,0.6713352007469654,0.7343199509509581,0.5947712418300654
B95,naive_ela,3,2145,0.6613310499650468,0.6741258741258741,0.7251341373768532,0.5934731934731935
B95,naive_ela,4,2144,0.6525167683847967,0.6590485074626866,0.7249610609109266,0.59375
B95,dct_dq,0,2145,0.8072998430141287,0.8144522144522145,0.885336330063245,0.593939393939394
B95,dct_dq,1,2146,0.8072233304048507,0.8168685927306617,0.873377482609134,0.5936626281453867
B95,dct_dq,2,2142,0.8030207120068871,0.8137254901960784,0.8799139471456785,0.5947712418300654
B95,dct_dq,3,2145,0.8127126018867517,0.8186480186480186,0.8869129125017117,0.5934731934731935
B95,dct_dq,4,2144,0.809928092331863,0.8194962686567164,0.8828968337357265,0.59375
B95,ghost_curve,0,2145,0.8435588931324539,0.8424242424242424,0.9145576008377386,0.593939393939394
B95,ghost_curve,1,2146,0.8449143418835424,0.8452935694315005,0.9206568742528769,0.5936626281453867
B95,ghost_curve,2,2142,0.8280308401276143,0.8314659197012139,0.9228562747325091,0.5947712418300654
B95,ghost_curve,3,2145,0.8288307076399749,0.8326340326340327,0.9160051384795,0.5934731934731935
B95,ghost_curve,4,2144,0.8534352528853708,0.8530783582089553,0.9288841910454978,0.59375
B95,compression_history,0,2145,0.8266653389254668,0.8307692307692308,0.9036884470294344,0.593939393939394
B95,compression_history,1,2146,0.812745740498034,0.821062441752097,0.8981441641582534,0.5936626281453867
B95,compression_history,2,2142,0.8192003848685876,0.8277310924369747,0.9020289700424657,0.5947712418300654
B95,compression_history,3,2145,0.8249660377494469,0.828904428904429,0.9016626188228342,0.5934731934731935
B95,compression_history,4,2144,0.8218925614840775,0.8278917910447762,0.9054517430371858,0.59375
B95,all,0,2145,0.8646114013917852,0.8624708624708625,0.9406702449592395,0.593939393939394
B95,all,1,2146,0.8544865193783935,0.858807082945014,0.9356398434462001,0.5936626281453867
B95,all,2,2142,0.8562186661265003,0.8604108309990663,0.9389152240123273,0.5947712418300654
B95,all,3,2145,0.8458920090517956,0.8498834498834499,0.9272099785956746,0.5934731934731935
B95,all,4,2144,0.8556106109130461,0.8586753731343284,0.9366061709099075,0.59375
R85,metadata,0,2145,0.5077907167459407,0.5156177156177156,0.5140336537335061,0.593939393939394
R85,metadata,1,2146,0.5054720017858944,0.5144454799627214,0.5065085226045252,0.5936626281453867
R85,metadata,2,2142,0.5067098799817693,0.5154061624649859,0.5221891752092542,0.5947712418300654
R85,metadata,3,2145,0.5038115194188402,0.5109557109557109,0.5108210756934786,0.5934731934731935
R85,metadata,4,2144,0.4926279533506556,0.49953358208955223,0.4902492191889667,0.59375
R85,dimensions,0,2145,0.6000023430727056,0.6480186480186481,0.6366642214600227,0.593939393939394
R85,dimensions,1,2146,0.6057809326977086,0.6533084808946877,0.6467628865236991,0.5936626281453867
R85,dimensions,2,2142,0.6126120423355446,0.6605975723622782,0.6498541369755984,0.5947712418300654
R85,dimensions,3,2145,0.605757277110344,0.6536130536130537,0.6369818279438155,0.5934731934731935
R85,dimensions,4,2144,0.5956855399117771,0.6464552238805971,0.6438108268254473,0.59375
R85,naive_ela,0,2145,0.5289428055952576,0.5459207459207459,0.5518179540649608,0.593939393939394
R85,naive_ela,1,2146,0.5571882246194173,0.5773532152842498,0.5704721638125964,0.5936626281453867
R85,naive_ela,2,2142,0.536898009824277,0.554154995331466,0.5558412127701133,0.5947712418300654
R85,naive_ela,3,2145,0.5388885785942331,0.5622377622377622,0.5543909496457836,0.5934731934731935
R85,naive_ela,4,2144,0.5348359417487462,0.5522388059701493,0.5481230321893463,0.59375
R85,dct_dq,0,2145,0.5601173879425478,0.6172494172494173,0.6215829438725945,0.593939393939394
R85,dct_dq,1,2146,0.5648304840637737,0.6220876048462255,0.6235998192502125,0.5936626281453867
R85,dct_dq,2,2142,0.5615283334177343,0.6190476190476191,0.6053564194199481,0.5947712418300654
R85,dct_dq,3,2145,0.5612131279863358,0.6172494172494173,0.6170576079044661,0.5934731934731935
R85,dct_dq,4,2144,0.5371623663061212,0.5993470149253731,0.5856894450943061,0.59375
R85,ghost_curve,0,2145,0.6326413458609621,0.6559440559440559,0.6818044183141772,0.593939393939394
R85,ghost_curve,1,2146,0.6027393314418217,0.6262814538676608,0.6476967904310631,0.5936626281453867
R85,ghost_curve,2,2142,0.6211323238973008,0.6484593837535014,0.67646215700034,0.5947712418300654
R85,ghost_curve,3,2145,0.6338482022528593,0.655011655011655,0.6734263856958568,0.5934731934731935
R85,ghost_curve,4,2144,0.6275907909843496,0.6492537313432836,0.6784469999990981,0.59375
R85,compression_history,0,2145,0.6047646383467279,0.6428904428904428,0.6875854996242073,0.593939393939394
R85,compression_history,1,2146,0.6110531015511357,0.6481826654240447,0.6758093233764924,0.5936626281453867
R85,compression_history,2,2142,0.6136375145591736,0.6591970121381886,0.6896269053527118,0.5947712418300654
R85,compression_history,3,2145,0.6050951483528759,0.6438228438228438,0.6747605526207686,0.5934731934731935
R85,compression_history,4,2144,0.6052329445887968,0.648320895522388,0.6860860060083894,0.59375
R85,all,0,2145,0.6378839710396214,0.6671328671328671,0.7109436815439767,0.593939393939394
R85,all,1,2146,0.6564709864185618,0.6840633737185461,0.7207289761352671,0.5936626281453867
R85,all,2,2142,0.6633475971033576,0.69234360410831,0.7257883656830333,0.5947712418300654
R85,all,3,2145,0.6376525148280807,0.6685314685314685,0.7068936161779225,0.5934731934731935
R85,all,4,2144,0.6515801559006587,0.6809701492537313,0.7364254322081056,0.59375
B85-jpeg-sources,metadata,0,1616,0.5063646498429107,0.5897277227722773,0.4968593403376012,0.7827970297029703
B85-jpeg-sources,metadata,1,1616,0.5449870540851554,0.5928217821782178,0.5479954059982738,0.7821782178217822
B85-jpeg-sources,metadata,2,1615,0.4976341050254094,0.5739938080495356,0.49300056465273856,0.78328173374613
B85-jpeg-sources,metadata,3,1615,0.5165992733239568,0.578328173374613,0.5178130296801183,0.7826625386996904
B85-jpeg-sources,metadata,4,1615,0.512485800064914,0.5702786377708978,0.5138933968047892,0.7826625386996904
B85-jpeg-sources,dimensions,0,1616,0.5772012206794815,0.7747524752475248,0.6240295935948111,0.7827970297029703
B85-jpeg-sources,dimensions,1,1616,0.6009241944764097,0.7877475247524752,0.6472654002445337,0.7821782178217822
B85-jpeg-sources,dimensions,2,1615,0.6109316770186335,0.7919504643962848,0.656618859401468,0.78328173374613
B85-jpeg-sources,dimensions,3,1615,0.6116757275776263,0.7931888544891641,0.6486958599300372,0.7826625386996904
B85-jpeg-sources,dimensions,4,1615,0.5867480796278265,0.778328173374613,0.6499186321179992,0.7826625386996904
B85-jpeg-sources,naive_ela,0,1616,0.5722982331677984,0.6881188118811881,0.642512077294686,0.7827970297029703
B85-jpeg-sources,naive_ela,1,1616,0.57460083429229,0.6856435643564357,0.648232972525892,0.7821782178217822
B85-jpeg-sources,naive_ela,2,1615,0.5670468661773009,0.6811145510835913,0.623981931112366,0.78328173374613
B85-jpeg-sources,naive_ela,3,1615,0.5833682696815609,0.6941176470588235,0.6595599372498107,0.7826625386996904
B85-jpeg-sources,naive_ela,4,1615,0.599746655126402,0.713312693498452,0.6413941631504924,0.7826625386996904
B85-jpeg-sources,dct_dq,0,1616,0.9112270981836199,0.9399752475247525,0.9759039672083151,0.7827970297029703
B85-jpeg-sources,dct_dq,1,1616,0.9343893843498274,0.9566831683168316,0.9833456199654775,0.7821782178217822
B85-jpeg-sources,dct_dq,2,1615,0.8990231507622812,0.9405572755417957,0.9695663466967814,0.78328173374613
B85-jpeg-sources,dct_dq,3,1615,0.9071763767175159,0.9368421052631579,0.9725467921670453,0.7826625386996904
B85-jpeg-sources,dct_dq,4,1615,0.9239525857405604,0.9486068111455108,0.9789390169137006,0.7826625386996904
B85-jpeg-sources,ghost_curve,0,1616,0.6453622062317714,0.781559405940594,0.7461414591849374,0.7827970297029703
B85-jpeg-sources,ghost_curve,1,1616,0.695159666283084,0.7988861386138614,0.8005452567606444,0.7821782178217822
B85-jpeg-sources,ghost_curve,2,1615,0.6771259175607002,0.7969040247678019,0.769235460191982,0.78328173374613
B85-jpeg-sources,ghost_curve,3,1615,0.674282790580259,0.7913312693498452,0.7613205038046811,0.7826625386996904
B85-jpeg-sources,ghost_curve,4,1615,0.6550508943705147,0.7869969040247679,0.7570717930686284,0.7826625386996904
B85-jpeg-sources,compression_history,0,1616,0.917954348389131,0.942450495049505,0.979912840782406,0.7827970297029703
B85-jpeg-sources,compression_history,1,1616,0.9303617663981587,0.9535891089108911,0.9837569224683544,0.7821782178217822
B85-jpeg-sources,compression_history,2,1615,0.909175607001694,0.9467492260061919,0.9748051948051948,0.78328173374613
B85-jpeg-sources,compression_history,3,1615,0.9134277290922861,0.9417956656346749,0.9729446157452487,0.7826625386996904
B85-jpeg-sources,compression_history,4,1615,0.9245859479245555,0.9479876160990712,0.9795182841068917,0.7826625386996904
B85-jpeg-sources,all,0,1616,0.9242041372476155,0.9474009900990099,0.9813294595903291,0.7827970297029703
B85-jpeg-sources,all,1,1616,0.9346231300345225,0.9554455445544554,0.9851133217059838,0.7821782178217822
B85-jpeg-sources,all,2,1615,0.9226708074534162,0.951702786377709,0.984033879164314,0.78328173374613
B85-jpeg-sources,all,3,1615,0.9184923726062967,0.944891640866873,0.9775224043420246,0.7826625386996904
B85-jpeg-sources,all,4,1615,0.9264060189693102,0.9492260061919504,0.9847384507194633,0.7826625386996904
B85-au-vs-tiff,metadata,0,1794,0.5075156985871272,0.5535117056856187,0.4996845187779254,0.7101449275362319
B85-au-vs-tiff,metadata,1,1794,0.5248626373626374,0.5652173913043478,0.5270310047095761,0.7101449275362319
B85-au-vs-tiff,metadata,2,1792,0.5263375620518478,0.5496651785714286,0.5351134662359153,0.7109375
B85-au-vs-tiff,metadata,3,1794,0.4949814017095048,0.5351170568561873,0.4850203472987623,0.70958751393534
B85-au-vs-tiff,metadata,4,1793,0.5024351924587589,0.5454545454545454,0.514847573871533,0.7099832682654769
B85-au-vs-tiff,dimensions,0,1794,0.6182299843014128,0.7285395763656634,0.6515540091776356,0.7101449275362319
B85-au-vs-tiff,dimensions,1,1794,0.6132064364207221,0.7246376811594203,0.6570213440405748,0.7101449275362319
B85-au-vs-tiff,dimensions,2,1792,0.6143026857312571,0.7276785714285714,0.6516375929641236,0.7109375
B85-au-vs-tiff,dimensions,3,1794,0.6061067528304532,0.7201783723522854,0.632313229287445,0.70958751393534
B85-au-vs-tiff,dimensions,4,1793,0.6116283461236329,0.7239263803680982,0.6595247446975647,0.7099832682654769
B85-au-vs-tiff,naive_ela,0,1794,0.5161499215070644,0.5981047937569677,0.5510604093708489,0.7101449275362319
B85-au-vs-tiff,naive_ela,1,1794,0.5352040816326531,0.6098104793756968,0.5551224187900012,0.7101449275362319
B85-au-vs-tiff,naive_ela,2,1792,0.5426831855403283,0.6160714285714286,0.5635027548292855,0.7109375
B85-au-vs-tiff,naive_ela,3,1794,0.5284228921057909,0.6059085841694537,0.571325612567529,0.70958751393534
B85-au-vs-tiff,naive_ela,4,1793,0.5530621185570126,0.6157278304517568,0.5757281406731525,0.7099832682654769
B85-au-vs-tiff,dct_dq,0,1794,0.7377158555729983,0.7842809364548495,0.8212723402970655,0.7101449275362319
B85-au-vs-tiff,dct_dq,1,1794,0.7196624803767662,0.7748049052396878,0.7919703236324115,0.7101449275362319
B85-au-vs-tiff,dct_dq,2,1792,0.7160358946073231,0.7762276785714286,0.7919164398756235,0.7109375
B85-au-vs-tiff,dct_dq,3,1794,0.7250121752084109,0.7714604236343366,0.7933652276047785,0.70958751393534
B85-au-vs-tiff,dct_dq,4,1793,0.7291785002114932,0.7785833798103736,0.7920697625234153,0.7099832682654769
B85-au-vs-tiff,ghost_curve,0,1794,0.6702315541601256,0.729654403567447,0.7300114720444391,0.7101449275362319
B85-au-vs-tiff,ghost_curve,1,1794,0.63824568288854,0.7084726867335563,0.7050582659099142,0.7101449275362319
B85-au-vs-tiff,ghost_curve,2,1792,0.6563282277567992,0.7287946428571429,0.7209129122394429,0.7109375
B85-au-vs-tiff,ghost_curve,3,1794,0.6481402463387678,0.7090301003344481,0.7042660724059266,0.70958751393534
B85-au-vs-tiff,ghost_curve,4,1793,0.6692368118919572,0.7306190741773564,0.7376805245029912,0.7099832682654769
B85-au-vs-tiff,compression_history,0,1794,0.7326530612244898,0.7787068004459309,0.826299661876585,0.7101449275362319
B85-au-vs-tiff,compression_history,1,1794,0.7259419152276295,0.7837235228539576,0.8020951575896631,0.7101449275362319
B85-au-vs-tiff,compression_history,2,1792,0.713776570919428,0.7779017857142857,0.814663480479807,0.7109375
B85-au-vs-tiff,compression_history,3,1794,0.7157228304381718,0.770345596432553,0.801036739727969,0.70958751393534
B85-au-vs-tiff,compression_history,4,1793,0.7355572844280621,0.7836029001673174,0.811849658589643,0.7099832682654769
B85-au-vs-tiff,all,0,1794,0.7364992150706436,0.7809364548494984,0.8283027412148292,0.7101449275362319
B85-au-vs-tiff,all,1,1794,0.7247252747252747,0.7803790412486065,0.8123550899649801,0.7101449275362319
B85-au-vs-tiff,all,2,1792,0.7391700963129535,0.7879464285714286,0.8191700053944952,0.7109375
B85-au-vs-tiff,all,3,1794,0.728198838115715,0.7775919732441472,0.8090173438293933,0.70958751393534
B85-au-vs-tiff,all,4,1793,0.7480164964650432,0.7891801450083659,0.8198116200374644,0.7099832682654769
