split,protocol,size_group,n,n_tampered,share_tiff,mean_cnn_logit_authentic,spearman_cnn_vs_tiles,cnn_auc,cnn_ci,classical_auc,classical_ci,combination_auc,combination_ci,cnn_minus_classical,delta_ci,n_copy-move,cnn_auc_copy-move,classical_auc_copy-move,combination_auc_copy-move,n_splicing,cnn_auc_splicing,classical_auc_splicing,combination_auc_splicing
test,R,smaller than 384x256,21,13,0.47619047619047616,-0.267397727817297,0.5090097337879789,0.7019230769230769,"[0.5, 0.875]",0.6153846153846154,"[0.3624652777777778, 0.8181818181818182]",0.7211538461538461,"[0.5249305555555555, 0.875]",0.08653846153846145,"[-0.0715178571428571, 0.26]",4,0.65625,0.90625,0.8125,9,0.7222222222222222,0.4861111111111111,0.6805555555555556
test,R,384x256,1469,496,0.1980939414567733,-0.3946408521142795,,0.7697054338096344,"[0.7305718667532456, 0.8065685848611699]",0.7888016775519676,"[0.7525067143516725, 0.8251031384687613]",0.8318770099128071,"[0.8015958460001146, 0.8603187683873886]",-0.019096243742333208,"[-0.06523562249886358, 0.026018545229146147]",305,0.771566727882331,0.8592185736188566,0.8700975519350327,191,0.7667332102904064,0.6763558487540557,0.7708442072071587
test,R,larger than 384x256,402,260,0.39552238805970147,1.3529880342768952,0.20036405734899526,0.5443391115926327,"[0.5006927479399061, 0.5829171602127758]",0.7303358613217769,"[0.671993055202268, 0.7805617214713009]",0.6754604550379197,"[0.6207372020585049, 0.7198385541164538]",-0.18599674972914415,"[-0.2322968904685394, -0.1389042942532337]",186,0.5607678328032712,0.8167121005603514,0.7404778131152506,74,0.5030452988199468,0.5132280167491435,0.5120384468976018
val,R,smaller than 384x256,6,3,0.5,0.12361156940460205,,0.5555555555555556,"[0.33333333333333337, 1.0]",,,,,,,0,,,,3,0.5555555555555556,,
val,R,384x256,1457,490,0.19835277968428278,-0.2067958527815749,,0.7278686448726336,"[0.6897778633231122, 0.7672360121859176]",,,,,,,300,0.6947225094794898,,,190,0.780204648124966,,
val,R,larger than 384x256,431,277,0.38979118329466356,1.4436171012265342,0.20853074188772838,0.5666932345632707,"[0.5333566358644011, 0.6042714969748544]",,,,,,,195,0.5667998667998668,,,82,0.5664396579030726,,
test,B,smaller than 384x256,21,13,0.47619047619047616,-0.34350710455328226,-0.18752990192188693,0.6538461538461537,"[0.40277326839826844, 0.8571649029982362]",0.7980769230769231,"[0.6022622053872054, 0.9487394957983194]",0.7596153846153846,"[0.5249431818181819, 0.9127380952380951]",-0.14423076923076938,"[-0.3539285714285714, 0.01486111111111109]",4,0.65625,0.90625,0.78125,9,0.6527777777777777,0.75,0.75
test,B,384x256,1469,496,0.1980939414567733,-1.7602436702504483,,0.8159002751715678,"[0.7857455465907535, 0.8430550569129877]",0.9211720485362863,"[0.9028424909996654, 0.9385488589940733]",0.9136307313596128,"[0.8960693437530746, 0.9306795837420732]",-0.10527177336471849,"[-0.1328123171879808, -0.0799364732710183]",305,0.8195508230418007,0.9456539686283759,0.9329823260829276,191,0.8100708662688398,0.8820778829442056,0.8827289701522252
test,B,larger than 384x256,402,260,0.39552238805970147,0.1738331224137221,-0.08518475433110384,0.6436890574214518,"[0.6095677993431918, 0.6844527079445506]",0.8602383531960996,"[0.8199270429416182, 0.8956737719555941]",0.8340059588299025,"[0.7984536407155455, 0.8711545358601493]",-0.21654929577464788,"[-0.2659417290009519, -0.16279598684207747]",186,0.627631379675905,0.8800923822504921,0.8404134484325307,74,0.684050247430529,0.8103349828701942,0.8179006471259993
val,B,smaller than 384x256,6,3,0.5,-1.1711600472529728,,0.5555555555555556,"[0.0, 0.8333333333333334]",,,,,,,0,,,,3,0.5555555555555556,,
val,B,384x256,1457,490,0.19835277968428278,-0.5004745415755076,,0.7920836586961569,"[0.7560613842378496, 0.8286904865970728]",,,,,,,300,0.765049982764564,,,190,0.834768410167093,,
val,B,larger than 384x256,431,277,0.38979118329466356,0.9105379652875344,0.14730463859918647,0.6637910825636457,"[0.6329731264331955, 0.6992091317419853]",,,,,,,195,0.6642690642690643,,,82,0.6626544187519797,,
test,A,smaller than 384x256,21,13,0.47619047619047616,-1.593082396313548,0.5090097337879789,0.7788461538461539,"[0.5756969696969696, 0.9444444444444445]",0.6634615384615384,"[0.4285714285714286, 0.8437673611111111]",0.7788461538461537,"[0.6067460317460318, 0.9479200487012986]",0.11538461538461542,"[-0.19453124999999996, 0.4029491341991339]",4,0.6875,0.90625,0.8125,9,0.8194444444444444,0.5555555555555556,0.7638888888888888
test,A,384x256,1469,496,0.1980939414567733,-8.078851170296122,,0.9995462155621125,"[0.9989961488697038, 0.9998930561753856]",0.9899587242648278,"[0.9856347786008032, 0.9935393079993798]",0.999322431455757,"[0.9984292948033446, 0.999869583336178]",0.009587491297284756,"[0.006171918037055915, 0.013747177473522991]",305,0.9997068387444611,0.9881387629942885,0.9994035684801106,191,0.9992897230457968,0.9928649451418671,0.9991928670974963
test,A,larger than 384x256,402,260,0.39552238805970147,-1.8681000233917158,-0.10012005701421307,0.950650054171181,"[0.9188841140396613, 0.977096784765096]",0.9080850487540628,"[0.8723431664727291, 0.9382186439684578]",0.9598726977248104,"[0.9368117857746122, 0.977438187577347]",0.04256500541711816,"[0.004271709986192612, 0.08214269888816587]",186,0.9449114039073149,0.9014273814932607,0.9586362259578979,74,0.9650742291587363,0.9248191853825657,0.9629805862200228
val,A,smaller than 384x256,6,3,0.5,-1.022599458694458,,0.6666666666666667,"[0.33333333333333337, 1.0]",,,,,,,0,,,,3,0.6666666666666667,,
val,A,384x256,1457,490,0.19835277968428278,-8.030678051412144,,0.9977249224405378,"[0.9935678515027173, 0.9998017765271225]",,,,,,,300,0.9994415718717683,,,190,0.9950144233385947,,
val,A,larger than 384x256,431,277,0.38979118329466356,-1.714577898509099,-0.044070441301808316,0.9495053682779314,"[0.9222749921866542, 0.9710355522311168]",,,,,,,195,0.9432234432234432,,,82,0.964444092492873,,
