protocol,model,comparison,delta_auc,ci_low,ci_high
B,rf,forensic+shortcuts - shortcuts,0.05187159672962893,0.04592640457389066,0.05762444384025693
B,rf,forensic_all - shortcuts,0.030886716396636427,0.02391983334692849,0.03826189427875025
B,rf,forensic_local - shortcuts,0.022536098614339584,0.014617193796206945,0.030458956022171583
B,svm,forensic+shortcuts - shortcuts,0.0475657167324911,0.04133196973131928,0.053535268620928375
B,svm,forensic_all - shortcuts,0.019890286728774798,0.01179452980646228,0.027640057270473684
R,rf,forensic+shortcuts - shortcuts,0.0992790159455984,0.08883402152277278,0.10913531342667608
R,rf,forensic_all - shortcuts,0.09041119916878837,0.07862050871837159,0.10230354317688713
R,rf,forensic_local - shortcuts,0.0800041563467313,0.06711446430920025,0.09273390499726254
R,svm,forensic+shortcuts - shortcuts,0.06971014711245704,0.06042646810605748,0.07828103618981469
R,svm,forensic_all - shortcuts,0.04017552377759237,0.029382132918666707,0.051124115588314804
A,rf,forensic+shortcuts - shortcuts,-9.691169443903913e-05,-0.0002355280548711064,2.127442243838315e-05
A,rf,forensic_all - shortcuts,-0.01983155182204066,-0.022072222017487743,-0.01772682711686748
A,rf,forensic_local - shortcuts,-0.041574756245628675,-0.045073411378802344,-0.0381298085282487
