,mean_abs_shap
ela.norm_local_moran,0.041620294163688315
cm_keypoint.local_inlier_frac,0.03681219254362754
cm_keypoint.local_shift,0.03280916365397119
cm_keypoint.local_n_inliers,0.02987681366756996
cm_keypoint.local_log_inliers,0.02823843992183425
ela.raw_local_z_max,0.027494076038026397
cm_keypoint.global_n_keypoints,0.024241677016473777
cm_keypoint.local_n_matches,0.022359093384796875
cm_keypoint.local_hull_frac,0.01729745122570388
ela.raw_local_top5_ratio,0.01409214366693529
ela.raw_local_z_p99,0.013696696116729967
ela.global_mean,0.012998589793183288
ela.global_p95,0.009071136137219571
cm_block.local_log_votes,0.008395233439501566
edges.global_median_sharpness,0.008340967396086987
jpeg_ghost.local_frac_argmin_off,0.008313614497056511
cm_block.local_max_votes,0.00827077624188382
ela.norm_local_z_max,0.007624885428628511
ela.raw_local_frac_z3,0.006301604540549175
edges.sharp_local_z_max,0.006138167491798167
ela.norm_local_top5_ratio,0.006099768269114785
edges.soft_local_top5_ratio,0.005439388031048726
jpeg_ghost.local_z_p99,0.004489036573356263
dct_dq.global_mean_step,0.004449791884045209
dct_dq.local_moran,0.004317247580669473
noise.local_top5_ratio,0.004258261372113447
ela.raw_local_moran,0.00402587956378684
dct_dq.local_top5_ratio,0.003785535833083665
jpeg_ghost.local_moran,0.0034886268425124295
ela.norm_local_z_p99,0.003473152282270522
edges.sharp_local_frac_z3,0.003452067838512119
cm_block.local_mirrored_votes,0.0034358461994059824
cm_block.local_area_frac,0.0034198179841716143
noise.global_log_sigma,0.0033286673146461165
jpeg_ghost.global_mean_deviation,0.0032655692481647182
jpeg_ghost.local_z_max,0.0031371121510307917
noise.low_local_top5_ratio,0.003119374288592906
jpeg_ghost.local_top5_ratio,0.003047282579677991
cm_keypoint.local_frac_mirrored,0.0030263792831170216
edges.sharp_local_z_p99,0.0028747771239884656
edges.global_edge_density,0.0028190925857216067
jpeg_ghost.local_frac_z3,0.0028039405428268212
ela.raw_local_cluster_z25,0.0026347057253874907
dct_dq.local_z_max,0.002557454623168567
edges.soft_local_z_max,0.0024271835478740828
noise.local_z_max,0.002367320122660508
noise.low_local_z_p99,0.0023356512526105377
edges.soft_local_z_p99,0.0022833937671815686
histogram.local_moran,0.0022288990875606023
noise.local_z_p99,0.002105756075923977
edges.sharp_local_top5_ratio,0.0020689035226157033
dct_dq.local_z_p99,0.0019753045612229407
cm_block.global_frac_textured_blocks,0.0019663938606087647
edges.sharp_local_moran,0.0019580871919305065
cm_block.local_n_shifts,0.0018848964102013363
histogram.local_z_max,0.0018761956592508885
edges.soft_local_moran,0.0018377135435967008
ela.norm_local_cluster_z25,0.0017612148773498127
histogram.local_z_p99,0.0017457016721715347
ela.norm_local_frac_z3,0.001699170201280706
histogram.local_top5_ratio,0.0016479481438834986
noise.local_moran,0.0016371101830130802
dct_dq.local_frac_blocks_positive,0.0016138323333697966
dct_dq.local_cluster_z25,0.0015809996340819458
histogram.global_mean_distance,0.001580032241000391
jpeg_ghost.local_cluster_z25,0.0015615613686017044
noise.low_local_z_max,0.001544884602603137
noise.low_local_moran,0.00149740298612242
dct_dq.local_frac_z3,0.0014949435954304707
histogram.local_cluster_z25,0.0014580072719251862
edges.local_frac_edge_blocks,0.0014247044760193862
histogram.local_frac_z3,0.0013405683975471034
edges.sharp_local_cluster_z25,0.0011704086761784567
noise.local_cluster_z25,0.0011373682483613436
noise.low_local_cluster_z25,0.0008782379799001291
dct_dq.global_frac_periodic_freqs,0.0008605335103251625
noise.low_local_frac_z3,0.0008270885798387621
noise.local_frac_z3,0.0006993348061239173
noise.local_frac_usable_blocks,0.00068576246261639
edges.soft_local_frac_z3,0.0003464920851391471
edges.soft_local_cluster_z25,0.0003283541607098542
jpeg_ghost.global_mode_quality,0.0
