half_width,coverage,accuracy,balanced_accuracy
0.0,1.0,0.7306472673008767,0.701110989605815
0.02,0.9501025927998508,0.7427112987140473,0.710573050235366
0.04,0.9033762357769073,0.7537683254181292,0.7179196142787653
0.06,0.8478828576758067,0.7686723132768672,0.7287914439560523
0.08,0.7980787166573401,0.7806474231623233,0.737885979703192
0.1,0.7437045327364298,0.7965889139704038,0.746565919490783
0.12,0.7119940309643723,0.8069164265129684,0.7555490394015575
0.14,0.683174780824473,0.8150170648464163,0.7628266240718645
0.16,0.6553814586830815,0.8209762345239789,0.7692707220539046
0.18,0.621525834732326,0.8284813925570228,0.7772720318237454
0.2,0.5839395635142697,0.8391630729915349,0.7881556793593321
0.22,0.549151277746689,0.8486752717391305,0.80071829753162
0.24,0.5124044021637754,0.8554787040407718,0.8104863594113079
0.26,0.46661070695765716,0.8642814311413152,0.8226938142255869
0.28,0.41316918485357207,0.8762979683972912,0.8418314296787129
0.3,0.357396008207424,0.8883089770354906,0.8643793000555375
0.32,0.30740533482559224,0.8992718446601942,0.8844733114522323
0.34,0.25219175526953924,0.9119822485207101,0.9070248559627274
0.36,0.19268793135609028,0.9283639883833494,0.9310975892191218
0.38,0.15594105577317666,0.9449760765550239,0.9461151411408024
0.4,0.12161910091400858,0.9585889570552147,0.9508183441095726
