protocol,feature_set,model,n_features,roc_auc_mean,roc_auc_std,balanced_accuracy_mean,balanced_accuracy_std,accuracy_mean,accuracy_std,precision_mean,precision_std,recall_mean,recall_std,f1_mean,f1_std,pooled_auc,auc_ci_low,auc_ci_high,pooled_balanced_accuracy,ba_ci_low,ba_ci_high,chosen_params
B,forensic_local,rf,70,0.901764512365598,0.0027937085367404587,0.8206392512743633,0.005180886451535324,0.8269925984871416,0.004653930229982724,0.78728613961006,0.011000156754537055,0.7868497868362042,0.01602794297079867,0.786917411615988,0.006293790741596034,0.9015836135489113,0.8952082890909764,0.9079339261113574,0.8206455234948283,0.8125562015196596,0.8285434264221865,"[{""max_features"": 0.3, ""min_samples_leaf"": 4}, {""max_features"": 0.3, ""min_samples_leaf"": 4}, {""max_features"": 0.3, ""min_samples_leaf"": 4}, {""max_features"": 0.3, ""min_samples_leaf"": 4}, {""max_features"": 0.3, ""min_samples_leaf"": 4}]"
B,forensic_all,rf,82,0.9102862237565121,0.0032937839904353347,0.8305638047228383,0.005041007959695711,0.8369717277760479,0.0033071697898923113,0.8013327886149091,0.012500925091241602,0.796492838986644,0.021763982974633347,0.798629102321865,0.006193205507544797,0.9101256382394286,0.9039237318225257,0.9162855781202423,0.8305723178363107,0.8230022546705448,0.8380122665556204,"[{""max_features"": 0.3, ""min_samples_leaf"": 4}, {""max_features"": 0.3, ""min_samples_leaf"": 4}, {""max_features"": 0.3, ""min_samples_leaf"": 4}, {""max_features"": 0.3, ""min_samples_leaf"": 4}, {""max_features"": 0.3, ""min_samples_leaf"": 4}]"
B,shortcuts,rf,49,0.8758986734437549,0.0030412736995711295,0.7969519634783764,0.004744234834003869,0.8043278992724587,0.0052109921559572074,0.7602525223568298,0.01509068227632289,0.7576949446025566,0.01817589327296364,0.7587102449741399,0.005795958123051174,0.875730318161778,0.8680651218885401,0.883249269491354,0.7969531929860603,0.7887312240126434,0.8052395484989945,"[{""max_features"": 0.3, ""min_samples_leaf"": 4}, {""max_features"": 0.3, ""min_samples_leaf"": 1}, {""max_features"": 0.3, ""min_samples_leaf"": 4}, {""max_features"": 0.3, ""min_samples_leaf"": 4}, {""max_features"": 0.3, ""min_samples_leaf"": 1}]"
B,forensic+shortcuts,rf,131,0.925890486613012,0.00354866989290012,0.8490648286747344,0.0023583051854244187,0.856836267233205,0.002408019639894009,0.8350067273680242,0.016917481891725067,0.8077421747837794,0.01938312358774363,0.8208301688455082,0.0028823712153123503,0.9255796091158596,0.9202624230337727,0.931139620746379,0.8490762119047235,0.8418588502421467,0.8561114408940417,"[{""max_features"": 0.3, ""min_samples_leaf"": 4}, {""max_features"": 0.3, ""min_samples_leaf"": 4}, {""max_features"": 0.3, ""min_samples_leaf"": 4}, {""max_features"": 0.3, ""min_samples_leaf"": 4}, {""max_features"": 0.3, ""min_samples_leaf"": 4}]"
B,forensic_all,svm,82,0.8924447381240805,0.003801686402636523,0.813864901383053,0.004197058097952666,0.8231675366913098,0.0035419430450341557,0.7931074443263483,0.012417452981049003,0.764352399112639,0.017652000532332512,0.7782511218579755,0.005310750319923629,0.8922205985716363,0.8850730323629756,0.8997858551541533,0.8138670067147866,0.8050455459635609,0.8228222691383446,"[{""svm__C"": 10.0, ""svm__gamma"": 0.0036585365853658534}, {""svm__C"": 10.0, ""svm__gamma"": 0.0036585365853658534}, {""svm__C"": 10.0, ""svm__gamma"": 0.0036585365853658534}, {""svm__C"": 10.0, ""svm__gamma"": 0.0036585365853658534}, {""svm__C"": 10.0, ""svm__gamma"": 0.0036585365853658534}]"
B,shortcuts,svm,49,0.8756666831566952,0.009538063076975923,0.8015567669249026,0.006659547306743656,0.807125276146877,0.005228912482741338,0.757752981638985,0.006839740296751824,0.7719288392939964,0.017524595078829874,0.7646662066615008,0.008256426316197276,0.8755264862149517,0.8683558527011497,0.88322525950939,0.8015605199285356,0.7935073169224496,0.8100416247806442,"[{""svm__C"": 100.0, ""svm__gamma"": 0.006122448979591836}, {""svm__C"": 100.0, ""svm__gamma"": 0.006122448979591836}, {""svm__C"": 100.0, ""svm__gamma"": 0.006122448979591836}, {""svm__C"": 100.0, ""svm__gamma"": 0.006122448979591836}, {""svm__C"": 100.0, ""svm__gamma"": 0.006122448979591836}]"
B,forensic+shortcuts,svm,131,0.9219715923190653,0.004333166362034845,0.8539231799663058,0.004249866876684768,0.8601001931342369,0.002810294838058791,0.8323725115196094,0.009096925886069637,0.8210705389630976,0.015886687507425366,0.826543200293747,0.004948379706974651,0.9218278064934227,0.9152970470610245,0.9284695814338797,0.8539308494124274,0.8463835016489678,0.861200040531581,"[{""svm__C"": 10.0, ""svm__gamma"": 0.0022900763358778627}, {""svm__C"": 10.0, ""svm__gamma"": 0.0022900763358778627}, {""svm__C"": 10.0, ""svm__gamma"": 0.0022900763358778627}, {""svm__C"": 10.0, ""svm__gamma"": 0.0022900763358778627}, {""svm__C"": 10.0, ""svm__gamma"": 0.0022900763358778627}]"
R,forensic_local,rf,70,0.7808571222657744,0.012378185140997304,0.6933285579606387,0.007123082816672401,0.7253312451507329,0.005648880178018842,0.724191283614142,0.010180966198719013,0.5229640140506422,0.01893548543630317,0.6071384418041699,0.012460247918959408,0.780592807428276,0.7692484733629955,0.792390606956463,0.6933304268240605,0.6837885419170372,0.7039905327385618,"[{""max_features"": ""sqrt"", ""min_samples_leaf"": 4}, {""max_features"": ""sqrt"", ""min_samples_leaf"": 1}, {""max_features"": ""sqrt"", ""min_samples_leaf"": 4}, {""max_features"": ""sqrt"", ""min_samples_leaf"": 4}, {""max_features"": ""sqrt"", ""min_samples_leaf"": 4}]"
R,forensic_all,rf,82,0.7952566428224987,0.008351762777089882,0.7050543374567514,0.01128205269977259,0.7333535930104306,0.009502787986404988,0.7245805044739767,0.015605535340277532,0.5544245655092722,0.026728479723019987,0.6278307236552059,0.017933962712126574,0.7948167716164655,0.7832934000068595,0.8064173479130432,0.7050586894624709,0.6952828457840365,0.715602959632096,"[{""max_features"": 0.3, ""min_samples_leaf"": 4}, {""max_features"": ""sqrt"", ""min_samples_leaf"": 4}, {""max_features"": ""sqrt"", ""min_samples_leaf"": 4}, {""max_features"": ""sqrt"", ""min_samples_leaf"": 4}, {""max_features"": ""sqrt"", ""min_samples_leaf"": 4}]"
R,shortcuts,rf,49,0.7214687465425028,0.012882292915178867,0.654851518092886,0.010124410031742637,0.6800082856324342,0.009128622080891099,0.6277177806524089,0.012180734255572874,0.5209151323602742,0.018630330509879795,0.5692630596516371,0.01487012008377059,0.7211668052596469,0.7083026339044226,0.7338456304493672,0.6548440049928097,0.6431837507265378,0.6660362006757683,"[{""max_features"": ""sqrt"", ""min_samples_leaf"": 4}, {""max_features"": ""sqrt"", ""min_samples_leaf"": 4}, {""max_features"": ""sqrt"", ""min_samples_leaf"": 4}, {""max_features"": ""sqrt"", ""min_samples_leaf"": 4}, {""max_features"": ""sqrt"", ""min_samples_leaf"": 4}]"
R,forensic+shortcuts,rf,131,0.8096107579303438,0.006365995446982238,0.7144278905486358,0.012762400597479883,0.7396029010851829,0.009730506281879386,0.7240420804294008,0.013801933272448153,0.5803937616892302,0.03433200554144049,0.6437323613941486,0.02112791907574806,0.8090254254160099,0.7987684300920667,0.819779634589171,0.714423453683207,0.7043336181144179,0.725365274006592,"[{""max_features"": 0.3, ""min_samples_leaf"": 4}, {""max_features"": ""sqrt"", ""min_samples_leaf"": 4}, {""max_features"": ""sqrt"", ""min_samples_leaf"": 4}, {""max_features"": ""sqrt"", ""min_samples_leaf"": 4}, {""max_features"": ""sqrt"", ""min_samples_leaf"": 1}]"
R,forensic_all,svm,82,0.7928637153021043,0.005982237860932006,0.7192151590850473,0.010597255653424207,0.7371797889661791,0.0092790207587232,0.6972979373978307,0.01177991343792114,0.6235742506600042,0.02167513505962136,0.6582299376700449,0.014676417534528566,0.7927348472957345,0.7816352527678964,0.8043819316256958,0.719210032996863,0.7089386955966556,0.7308910432992353,"[{""svm__C"": 10.0, ""svm__gamma"": 0.0036585365853658534}, {""svm__C"": 10.0, ""svm__gamma"": 0.0036585365853658534}, {""svm__C"": 10.0, ""svm__gamma"": 0.0036585365853658534}, {""svm__C"": 10.0, ""svm__gamma"": 0.0036585365853658534}, {""svm__C"": 10.0, ""svm__gamma"": 0.0036585365853658534}]"
R,shortcuts,svm,49,0.7711239703619335,0.009906781029299802,0.7130693769547269,0.015932792406198548,0.7199215327626518,0.011568999696662764,0.6485833443180746,0.007848021358030931,0.6766096498634606,0.040573993544322874,0.6619371011225248,0.022152533042425603,0.7711034501861629,0.7604104348521649,0.782270518736708,0.7130740476036591,0.7021170218133952,0.7244714172561413,"[{""svm__C"": 100.0, ""svm__gamma"": 0.006122448979591836}, {""svm__C"": 100.0, ""svm__gamma"": 0.006122448979591836}, {""svm__C"": 100.0, ""svm__gamma"": 0.006122448979591836}, {""svm__C"": 100.0, ""svm__gamma"": 0.006122448979591836}, {""svm__C"": 100.0, ""svm__gamma"": 0.006122448979591836}]"
R,forensic+shortcuts,svm,131,0.8258578319478003,0.007785319399233085,0.7436986004118455,0.006762561928042132,0.7564829281048514,0.004321832499976029,0.71084813205272,0.01048921841379755,0.675683810409818,0.027024815843153457,0.6924448477819748,0.010782436210362411,0.8255925643375353,0.816251763145692,0.8353386377015573,0.7437076647015509,0.7339066898560218,0.7537438802509834,"[{""svm__C"": 10.0, ""svm__gamma"": 0.0022900763358778627}, {""svm__C"": 10.0, ""svm__gamma"": 0.0022900763358778627}, {""svm__C"": 10.0, ""svm__gamma"": 0.0022900763358778627}, {""svm__C"": 10.0, ""svm__gamma"": 0.0022900763358778627}, {""svm__C"": 10.0, ""svm__gamma"": 0.0022900763358778627}]"
A,forensic_local,rf,70,0.962370891337574,0.0047496900842791245,0.8847073246673915,0.010277191280946082,0.8907883303108999,0.008297672677794235,0.8754652333159134,0.005572768719797839,0.8523305663209504,0.021671549009974443,0.8636315890438533,0.011716157991367741,0.9623942411010035,0.9587075270747166,0.9658581946814992,0.8847025665765669,0.877129001871306,0.8921061643421192,"[{""max_features"": 0.3, ""min_samples_leaf"": 1}, {""max_features"": 0.3, ""min_samples_leaf"": 1}, {""max_features"": 0.3, ""min_samples_leaf"": 1}, {""max_features"": 0.3, ""min_samples_leaf"": 1}, {""max_features"": 0.3, ""min_samples_leaf"": 1}]"
A,forensic_all,rf,82,0.9783564546785097,0.0032384950910879775,0.9197215428999715,0.005781343253356296,0.9225899956590444,0.005339732100420273,0.9049759490203735,0.009625937628801344,0.904455460923417,0.01148193275125845,0.9046556742898713,0.0066314357250064435,0.9783345377265289,0.976047869379702,0.9805518974708511,0.9197215550651743,0.9138150188883635,0.9252656380936479,"[{""max_features"": 0.3, ""min_samples_leaf"": 1}, {""max_features"": 0.3, ""min_samples_leaf"": 1}, {""max_features"": 0.3, ""min_samples_leaf"": 1}, {""max_features"": 0.3, ""min_samples_leaf"": 1}, {""max_features"": 0.3, ""min_samples_leaf"": 1}]"
A,shortcuts,rf,49,0.9995102573896053,0.00014971621649762342,0.991107928422349,0.002142865420239723,0.9903006353317046,0.0024300241611532793,0.9810074852810283,0.005209758498888055,0.9954062463003772,0.0008132725992709478,0.9881498540482655,0.002934614480427093,0.9995270550617118,0.9993470974994212,0.9996817873047229,0.9911077839819216,0.9890599499274282,0.9931482099959646,"[{""max_features"": 0.3, ""min_samples_leaf"": 4}, {""max_features"": 0.3, ""min_samples_leaf"": 1}, {""max_features"": 0.3, ""min_samples_leaf"": 4}, {""max_features"": 0.3, ""min_samples_leaf"": 1}, {""max_features"": 0.3, ""min_samples_leaf"": 1}]"
A,forensic+shortcuts,rf,131,0.9994080841604724,0.0002240286502709743,0.9917248268456916,0.002000634143372513,0.9908603808814217,0.00234327618182526,0.9814741230986275,0.005487197833182404,0.9963263180437518,0.0009567115417213665,0.988838019452994,0.002822300654772237,0.9994175920946025,0.9991975372468005,0.9996039923757227,0.9917241668840298,0.9897742269930307,0.9934984169754157,"[{""max_features"": 0.3, ""min_samples_leaf"": 4}, {""max_features"": 0.3, ""min_samples_leaf"": 4}, {""max_features"": 0.3, ""min_samples_leaf"": 4}, {""max_features"": 0.3, ""min_samples_leaf"": 4}, {""max_features"": 0.3, ""min_samples_leaf"": 4}]"
