protocol,method,f1,iou,mcc,pixel_auc,oracle_f1,authentic_any_region,authentic_mean_area,n_tampered,n_authentic
R,hgb,0.1851027785634239,0.1192125554994931,0.15856975645232793,0.6946530426915096,0.30753643388396035,0.8879003558718861,0.0567298441212908,769,1124.0
R,logreg,0.18423492914315198,0.12074460286085749,0.15475489381581814,0.6857215036314537,0.2998736137953962,0.8692170818505338,0.057585105070282444,769,1124.0
R,mean,0.1585056601092437,0.09873994985093254,0.09986638732665454,0.6708336363861689,0.22954867911905857,0.9937722419928826,0.26855725828836435,769,1124.0
R,single:ela,0.1279221951968792,0.07607883395383294,0.052531880883101865,0.6236321498716925,0.16604565686389988,0.9822064056939501,0.37142760052146995,769,1124.0
R,single:histogram,0.13278416699356002,0.0841424027735499,0.038254913283730166,0.5596715024964098,0.15867998296198765,1.0,0.5297531990135029,769,1124.0
R,single:noise,0.13227914427508788,0.08218388989048969,0.010576545833432904,0.5554837228620592,0.16766558760471234,0.99644128113879,0.881839802347951,769,1124.0
R,single:jpeg_ghost,0.12884843961209774,0.08135505222349342,0.031588224787550544,0.5485958329788876,0.14775746263986905,1.0,0.5227651690361962,769,1124.0
R,single:dct_dq,0.05825434483480075,0.034241184760014434,0.012454339118176156,0.5439112059909393,0.05848975197871198,0.5275800711743772,0.24439290271295533,769,1124.0
R,single:edges,0.1272859857866401,0.0775071500054338,0.014536763359753038,0.572593694094378,0.16881957214186727,1.0,0.7904876177338552,769,1124.0
R,single:cm_keypoint,0.1520049162864889,0.10224305955502619,0.1300383908637973,0.6203945100051825,0.16271581073215605,0.09697508896797152,0.009423011939297718,769,1124.0
R,single:cm_block,0.06046410419329655,0.04107936071687696,0.029468807231789414,0.5128500827568641,0.06126452431479892,0.2206405693950178,0.03342243847557613,769,1124.0
R,whole,0.1356165273464522,0.08563106395610597,,,,1.0,1.0,769,
