protocol,family,condition,param,n,auc,balanced_accuracy@0.5,coverage,accuracy_judged,detected_tampered,false_alarm_authentic,auc_ci,loc_f1,loc_iou,n_loc
R,clean,clean,,1892,0.8052865547999217,0.7207067730292374,0.5179704016913319,0.8581632653061224,0.2886866059817945,0.01157613535173642,"(0.7780827061655538, 0.8326560417780785)",0.19747976964356498,0.12765084175357988,766
R,jpeg,JPEG Q95,95.0,1892,0.7919329494306885,0.7111588062349248,0.5533826638477801,0.8452722063037249,0.2834850455136541,0.012466607301869992,"(0.7631016920025679, 0.819754528074578)",0.1975910058633549,0.1279902559789509,766
R,jpeg,JPEG Q85,85.0,1892,0.7927145730540177,0.6968191971393733,0.5628964059196617,0.8431924882629108,0.27828348504551365,0.01068566340160285,"(0.7650291627880623, 0.8218700645596164)",0.19309715806961592,0.12474146472459154,766
R,jpeg,JPEG Q75,75.0,1892,0.7992165236391933,0.6983245463398593,0.5496828752642706,0.8567307692307692,0.2795838751625488,0.01157613535173642,"(0.7727003708047865, 0.8258742719375932)",0.1926041817881556,0.12488915551897525,766
R,jpeg,JPEG Q65,65.0,1892,0.7794177077700335,0.7020207576075138,0.5554968287526427,0.8277830637488106,0.2834850455136541,0.016028495102404273,"(0.7480898067608918, 0.8080925313971187)",0.1936444445391156,0.12549203120032912,766
R,jpeg,JPEG Q50,50.0,1892,0.7809763231729983,0.6971937974981097,0.5369978858350951,0.8356299212598425,0.27698309492847856,0.01157613535173642,"(0.7515215235639553, 0.8097263671999411)",0.19060551209413468,0.1225421238953844,766
R,resize,resize x0.9,0.9,1892,0.7921251709439813,0.713137761453102,0.5158562367864693,0.8493852459016393,0.27828348504551365,0.007123775601068566,"(0.7643981071855805, 0.8178757289755725)",0.1927582354616981,0.12474726537028306,766
R,resize,resize x0.75,0.75,1892,0.767609980233607,0.6798220677245026,0.5544397463002114,0.8179218303145853,0.21846553966189858,0.003561887800534283,"(0.7393914921903494, 0.7951689002282016)",0.1738320850444445,0.11232441980773798,766
R,resize,resize x0.5,0.5,1892,0.693257309338839,0.615367646803391,0.5533826638477801,0.7421203438395415,0.10533159947984395,0.0017809439002671415,"(0.6603367674531734, 0.7269944079586697)",0.12636116200439668,0.08216360266338865,766
R,blur,blur s=0.5,0.5,1892,0.8054428795245876,0.7293503723423349,0.47780126849894294,0.8639380530973452,0.3081924577373212,0.016918967052537846,"(0.7758140881421218, 0.8318672379615326)",0.20722815799819938,0.13389652586619283,766
R,blur,blur s=1.0,1.0,1892,0.7777270848217956,0.7123393473963828,0.45560253699788583,0.8491879350348028,0.3433029908972692,0.020480854853072127,"(0.7521711903818911, 0.804843953187196)",0.21242081771841861,0.13676548210713088,766
R,blur,blur s=1.5,1.5,1892,0.7644638004045916,0.681016504417042,0.5560253699788583,0.8260456273764258,0.3250975292587776,0.019590382902938557,"(0.7382889693838429, 0.7928160467001122)",0.20086040578388906,0.13045849185510203,766
R,noise,noise s=2,2.0,1892,0.8018728859975892,0.7251521850143645,0.5116279069767442,0.8553719008264463,0.27308192457737324,0.014247551202137132,"(0.772864613527023, 0.8278512256281249)",0.1971670252406114,0.12757797795765788,766
R,noise,noise s=5,5.0,1892,0.799847612342474,0.7244313543395164,0.507399577167019,0.8552083333333333,0.270481144343303,0.009795191451469279,"(0.7741752607079407, 0.8253976965938367)",0.19142924268328718,0.12377358889048247,766
R,noise,noise s=10,10.0,1892,0.7936143086915389,0.71285521898778,0.41120507399577166,0.884318766066838,0.2717815344603381,0.01157613535173642,"(0.7659004431722587, 0.8211734946788808)",0.1968627550475435,0.12849915438995174,766
R,social,social (x0.8 + JPEG Q70),,1892,0.7617205909769369,0.6738359887307244,0.595137420718816,0.8134991119005328,0.2340702210663199,0.005342831700801425,"(0.7306769840960816, 0.7907068436527916)",0.17599113049622703,0.11385686334395194,766
B,clean,clean,,1892,0.9196247743423649,0.8450636704813759,0.9571881606765328,0.8691330756488128,0.7308192457737321,0.06411398040961709,"(0.9051683751304517, 0.9347543908619006)",0.3080505769979499,0.2100272388628469,766
B,jpeg,JPEG Q95,95.0,1892,0.9002115594607144,0.8163983478213543,0.9556025369978859,0.8351769911504425,0.6202860858257477,0.048975957257346395,"(0.8835566411254165, 0.9163534926139537)",0.2942312826585027,0.1994194055160084,766
B,jpeg,JPEG Q85,85.0,1892,0.9026096965331808,0.8259532623812076,0.9719873150105708,0.8471995649809679,0.647594278283485,0.04096170970614425,"(0.8866683660311057, 0.9199217606080177)",0.30643827903545784,0.2092941942650743,766
B,jpeg,JPEG Q75,75.0,1892,0.7393557337014105,0.6793924642219024,0.9334038054968288,0.7321630804077011,0.5500650195058517,0.15316117542297417,"(0.7114707660078706, 0.7681269145231269)",0.22342961587569593,0.14369456267425915,766
B,jpeg,JPEG Q65,65.0,1892,0.7722186647089408,0.7196541865498207,0.9392177589852009,0.7478897017445132,0.4798439531859558,0.09617097061442564,"(0.740748064835903, 0.8043784536240158)",0.2259013709815618,0.1456734770271766,766
B,jpeg,JPEG Q50,50.0,1892,0.7186664458821173,0.6392436430840205,0.8969344608879493,0.6977018267530937,0.5461638491547465,0.21104185218165628,"(0.6896424594780027, 0.7506782433158449)",0.21385761875866408,0.13824562852327632,766
B,resize,resize x0.9,0.9,1892,0.7670205781235706,0.7073496937772339,0.9556025369978859,0.7533185840707964,0.45123537061118335,0.06411398040961709,"(0.7342053486667954, 0.801672394279094)",0.19949356247669153,0.13111933366064307,766
B,resize,resize x0.75,0.75,1892,0.746572146176355,0.6956600782549992,0.9582452431289641,0.7357970215113072,0.37581274382314694,0.04630454140694568,"(0.718160598826221, 0.7786948945104825)",0.16977725331804827,0.11148835303949828,766
B,resize,resize x0.5,0.5,1892,0.6983882341906491,0.6261528948444106,0.9529598308668076,0.6855241264559068,0.235370611183355,0.028495102404274265,"(0.6675717011004475, 0.7266440310374223)",0.12080933193159289,0.07952069374338328,766
B,blur,blur s=0.5,0.5,1892,0.8057566869348427,0.7363681945189078,0.9571881606765328,0.7769188293760353,0.5266579973992198,0.07123775601068566,"(0.7779175229347187, 0.8329883079586096)",0.23014677774910514,0.1526304971159642,766
B,blur,blur s=1.0,1.0,1892,0.7723240391529749,0.6963386433561413,0.9772727272727273,0.740400216333153,0.47334200260078024,0.0854853072128228,"(0.7398063776988572, 0.804150624800821)",0.20760192414171372,0.13742776976199622,766
B,blur,blur s=1.5,1.5,1892,0.753771189237448,0.6879353209346597,0.9735729386892178,0.7350705754614549,0.4044213263979194,0.04541406945681211,"(0.7230463932467702, 0.7880056980754124)",0.20261185907817544,0.1352523963555584,766
B,noise,noise s=2,2.0,1892,0.8204072085383406,0.755640717148359,0.9593023255813954,0.7889807162534436,0.5422626788036411,0.07034728406055209,"(0.7911786356317722, 0.8496205750747499)",0.25482648070152486,0.17147729791740504,766
B,noise,noise s=5,5.0,1892,0.8020743711982695,0.7323465962317636,0.9619450317124736,0.75,0.43693107932379716,0.058771148708815675,"(0.7768709547455995, 0.8279523596831699)",0.21553134104498764,0.14332812880571746,766
B,noise,noise s=10,10.0,1892,0.8029046291803836,0.7245871000837205,0.9265327695560254,0.7524244152880776,0.43302990897269183,0.06945681211041853,"(0.7792451595212325, 0.8287519931127899)",0.18120825257831946,0.11693167252829714,766
B,social,social (x0.8 + JPEG Q70),,1892,0.7211051115869044,0.6703945288662289,0.9556025369978859,0.7206858407079646,0.3693107932379714,0.05966162065894924,"(0.6912361130343536, 0.7555303450700718)",0.18490221384189257,0.11797071609086492,766
