protocol,version,kind,n,auc,balanced_accuracy@0.5,coverage,accuracy_judged,detected_tampered,false_alarm_authentic,auc_ci,loc_f1,loc_iou,n_loc,loc_f1_source_and_copy
R,as made,splice (hard edge),360,0.5687500000000001,0.5125,0.5444444444444444,0.6938775510204082,0.008333333333333333,0.0125,"(0.5084268470849312, 0.6285126381012246)",0.10773841608811753,0.06941106414834941,120,
R,as made,splice (seamless),360,0.5519097222222222,0.5083333333333333,0.5555555555555556,0.685,0.016666666666666666,0.0125,"(0.48749630196965843, 0.6094576760459918)",0.07938295352383747,0.04766663464963891,120,
R,as made,copy-move (shift),360,0.8849999999999999,0.85,0.6694444444444444,0.921161825726141,0.725,0.0125,"(0.8297384065952456, 0.9262076568278118)",0.3764883396318886,0.24703367420045896,120,0.5967862082283271
R,as made,copy-move (rotate+scale),360,0.8957986111111111,0.8458333333333333,0.6277777777777778,0.9292035398230089,0.625,0.0125,"(0.8565017652574112, 0.9340064991918102)",0.359631098715059,0.23645544027663432,120,0.5709609942918088
R,as made,all,720,0.7253645833333333,0.6791666666666667,0.6236111111111111,0.6681514476614699,0.34375,0.0125,"(0.6902037191232278, 0.7602728225711807)",0.23081020198972566,0.15014170331877041,480,
R,social (x0.8 + JPEG Q70),splice (hard edge),360,0.5636805555555555,0.4916666666666667,0.6416666666666667,0.696969696969697,0.0,0.008333333333333333,"(0.5023746512126822, 0.6221878391854667)",0.06804508358986512,0.042082725019832914,120,
R,social (x0.8 + JPEG Q70),splice (seamless),360,0.5007638888888889,0.4791666666666667,0.6694444444444444,0.6680497925311203,0.0,0.008333333333333333,"(0.4363617987276176, 0.5572610613006587)",0.04272190678836155,0.025430125134775626,120,
R,social (x0.8 + JPEG Q70),copy-move (shift),360,0.8611111111111112,0.8125,0.7111111111111111,0.90234375,0.5833333333333334,0.008333333333333333,"(0.811201490914246, 0.9061408892176475)",0.32312738122220186,0.2107115645089878,120,0.5113865412068732
R,social (x0.8 + JPEG Q70),copy-move (rotate+scale),360,0.8476041666666667,0.7958333333333334,0.6777777777777778,0.9057377049180327,0.5,0.008333333333333333,"(0.8000445968013914, 0.8905724108731231)",0.29456301543587415,0.19180921865909545,120,0.4721774129142368
R,social (x0.8 + JPEG Q70),all,720,0.6932899305555555,0.6447916666666667,0.6708333333333333,0.6024844720496895,0.2708333333333333,0.008333333333333333,"(0.6523306631679006, 0.729261150063373)",0.18211434675907565,0.11750840833067294,480,
B,as made,splice (hard edge),360,0.5701041666666666,0.5125,0.9805555555555555,0.6345609065155807,0.06666666666666667,0.0875,"(0.5167534559249728, 0.6337878754930889)",0.15810419360624553,0.10531136654189648,120,
B,as made,splice (seamless),360,0.5505555555555556,0.5166666666666666,0.9722222222222222,0.6428571428571429,0.075,0.0875,"(0.4889442810578588, 0.6092423838261487)",0.22511581338971265,0.15760036464670077,120,
B,as made,copy-move (shift),360,0.9367361111111111,0.8875,0.9833333333333333,0.9011299435028248,0.8583333333333333,0.0875,"(0.899327920751634, 0.9678163958708836)",0.49662467616861383,0.3464826614303155,120,0.7025839209449549
B,as made,copy-move (rotate+scale),360,0.9077777777777778,0.8583333333333334,0.9833333333333333,0.8728813559322034,0.775,0.0875,"(0.8669977708838551, 0.9415463476990716)",0.4844105637702067,0.34124420137245276,120,0.6531066745117933
B,as made,all,720,0.7412934027777778,0.69375,0.9722222222222222,0.6128571428571429,0.44375,0.0875,"(0.7090260131045746, 0.7755473611195214)",0.34106381173369466,0.23765964849784135,480,
B,social (x0.8 + JPEG Q70),splice (hard edge),360,0.49385416666666665,0.4854166666666667,0.9583333333333334,0.6405797101449275,0.041666666666666664,0.05,"(0.4320536725660588, 0.5561300309279982)",0.08276909083532825,0.04975093075525741,120,
B,social (x0.8 + JPEG Q70),splice (seamless),360,0.4999652777777778,0.48125,0.9583333333333334,0.6376811594202898,0.03333333333333333,0.05,"(0.4375944700291898, 0.5613418646634055)",0.12657775387841658,0.07869086972351644,120,
B,social (x0.8 + JPEG Q70),copy-move (shift),360,0.9018402777777778,0.8229166666666667,0.9638888888888889,0.8904899135446686,0.775,0.05,"(0.8626072964302778, 0.9377432553316701)",0.34132614334106004,0.22046392782122004,120,0.534352173382318
B,social (x0.8 + JPEG Q70),copy-move (rotate+scale),360,0.8519097222222223,0.8104166666666667,0.9583333333333334,0.8840579710144928,0.7416666666666667,0.05,"(0.7951199903177841, 0.8989931107866987)",0.3375631193108461,0.21772022482607475,120,0.5183660643072615
B,social (x0.8 + JPEG Q70),all,720,0.6868923611111111,0.65,0.9694444444444444,0.5830945558739254,0.39791666666666664,0.05,"(0.6529174430614476, 0.7210993470244093)",0.22205902684141274,0.1416564882815172,480,
