comparison,tag,share_in_errors,share_in_correct,ratio,fisher_p,n_errors,n_correct
missed tampered (FN) vs detected (TP),texture: low,0.42063492063492064,0.34234234234234234,1.2286967418546366,0.16612963722993068,126,222
missed tampered (FN) vs detected (TP),texture: high,0.36507936507936506,0.33783783783783783,1.0806349206349206,0.6402616631836673,126,222
missed tampered (FN) vs detected (TP),flat area > 30 %,0.15079365079365079,0.11711711711711711,1.2875457875457874,0.4071670252079733,126,222
missed tampered (FN) vs detected (TP),saturated > 5 %,0.09523809523809523,0.09009009009009009,1.0571428571428572,0.8496726792047521,126,222
missed tampered (FN) vs detected (TP),keypoints: lowest tercile,0.49206349206349204,0.2072072072072072,2.3747412008281574,7.459320549313324e-08,126,222
missed tampered (FN) vs detected (TP),area < 1 %,0.12698412698412698,0.09009009009009009,1.4095238095238094,0.2784014266399968,126,222
missed tampered (FN) vs detected (TP),area > 5 %,0.3253968253968254,0.5720720720720721,0.5688038995125609,1.20878613379798e-05,126,222
missed tampered (FN) vs detected (TP),splicing,0.6031746031746031,0.02702702702702703,22.317460317460316,3.9398321069806154e-35,126,222
missed tampered (FN) vs detected (TP),JPEG source,0.4444444444444444,0.3108108108108108,1.429951690821256,0.014675772012792486,126,222
missed tampered (FN) vs detected (TP),TIFF source,0.5555555555555556,0.6891891891891891,0.8061002178649238,0.014675772012792486,126,222
false alarm (FP) vs correct authentic (TN),texture: low,0.3076923076923077,0.3570274636510501,0.8618169161155587,1.0,13,619
false alarm (FP) vs correct authentic (TN),texture: high,0.3076923076923077,0.32310177705977383,0.9523076923076923,1.0,13,619
false alarm (FP) vs correct authentic (TN),flat area > 30 %,0.15384615384615385,0.16155088852988692,0.9523076923076923,1.0,13,619
false alarm (FP) vs correct authentic (TN),saturated > 5 %,0.07692307692307693,0.14054927302100162,0.5473032714412025,1.0,13,619
false alarm (FP) vs correct authentic (TN),keypoints: lowest tercile,0.15384615384615385,0.4588045234248788,0.3353196099674973,0.0448856285313179,13,619
