comparison,tag,share_in_errors,share_in_correct,ratio,fisher_p,n_errors,n_correct,holm_p
missed tampered (FN) vs detected (TP),texture: low,0.4206349206349206,0.3423423423423423,1.2286967418546366,0.1661296372299306,126,222,1.0
missed tampered (FN) vs detected (TP),texture: high,0.365079365079365,0.3378378378378378,1.0806349206349206,0.6402616631836673,126,222,1.0
missed tampered (FN) vs detected (TP),flat area > 30 %,0.1507936507936507,0.1171171171171171,1.2875457875457874,0.4071670252079733,126,222,1.0
missed tampered (FN) vs detected (TP),saturated > 5 %,0.0952380952380952,0.09009009009009,1.0571428571428572,0.8496726792047521,126,222,1.0
missed tampered (FN) vs detected (TP),keypoints: lowest tercile,0.492063492063492,0.2072072072072072,2.3747412008281574,7.459320549313325e-08,126,222,9.697116714107323e-07
missed tampered (FN) vs detected (TP),area < 1 %,0.1269841269841269,0.09009009009009,1.4095238095238094,0.2784014266399968,126,222,1.0
missed tampered (FN) vs detected (TP),area > 5 %,0.3253968253968254,0.5720720720720721,0.5688038995125609,1.20878613379798e-05,126,222,0.0001450543360557576
missed tampered (FN) vs detected (TP),splicing,0.6031746031746031,0.027027027027027,22.317460317460316,3.9398321069806154e-35,126,222,5.5157649497728614e-34
missed tampered (FN) vs detected (TP),JPEG source,0.4444444444444444,0.3108108108108108,1.429951690821256,0.0146757720127924,126,222,0.1614334921407164
false alarm (FP) vs correct authentic (TN),texture: low,0.3076923076923077,0.3570274636510501,0.8618169161155587,1.0,13,619,1.0
false alarm (FP) vs correct authentic (TN),texture: high,0.3076923076923077,0.3231017770597738,0.9523076923076924,1.0,13,619,1.0
false alarm (FP) vs correct authentic (TN),flat area > 30 %,0.1538461538461538,0.1615508885298869,0.9523076923076924,1.0,13,619,1.0
false alarm (FP) vs correct authentic (TN),saturated > 5 %,0.0769230769230769,0.1405492730210016,0.5473032714412025,1.0,13,619,1.0
false alarm (FP) vs correct authentic (TN),keypoints: lowest tercile,0.1538461538461538,0.4588045234248788,0.3353196099674973,0.0448856285313179,13,619,0.448856285313179
