protocol,path,type,module,mean_evidence,pixel_auc,in_minus_out
B,CASIA2/Tp/Tp_S_CNN_M_N_pla00082_pla00082_10461.tif,copy-move,ela,0.07153104990720749,0.6177487025296843,0.030176393687725067
B,CASIA2/Tp/Tp_S_CNN_M_N_pla00082_pla00082_10461.tif,copy-move,histogram,0.1548277735710144,0.5884326098263395,0.0061430782079696655
B,CASIA2/Tp/Tp_S_CNN_M_N_pla00082_pla00082_10461.tif,copy-move,noise,0.1165638342499733,0.5177141663062219,0.003435671329498291
B,CASIA2/Tp/Tp_S_CNN_M_N_pla00082_pla00082_10461.tif,copy-move,jpeg_ghost,0.09037908166646957,0.7286876555656954,0.08512534201145172
B,CASIA2/Tp/Tp_S_CNN_M_N_pla00082_pla00082_10461.tif,copy-move,dct_dq,0.06248068809509277,0.6286046200228446,0.030775386840105057
B,CASIA2/Tp/Tp_S_CNN_M_N_pla00082_pla00082_10461.tif,copy-move,edges,0.14565856754779816,0.5820512382296666,0.01664869487285614
B,CASIA2/Tp/Tp_S_CNN_M_N_pla00082_pla00082_10461.tif,copy-move,cm_keypoint,0.1999751329421997,0.7239633824535938,0.12568075954914093
B,CASIA2/Tp/Tp_S_CNN_M_N_pla00082_pla00082_10461.tif,copy-move,cm_block,0.04345703125,0.514273222280299,0.028546445071697235
B,CASIA2/Tp/Tp_S_NNN_S_N_nat20070_nat20070_01574.tif,copy-move,ela,0.04666326940059662,0.7628533891730824,0.06764853745698929
B,CASIA2/Tp/Tp_S_NNN_S_N_nat20070_nat20070_01574.tif,copy-move,histogram,0.06590637564659119,0.9874587012301639,0.6305040121078491
B,CASIA2/Tp/Tp_S_NNN_S_N_nat20070_nat20070_01574.tif,copy-move,noise,0.06911550462245941,0.4368470345962283,-0.00364762544631958
B,CASIA2/Tp/Tp_S_NNN_S_N_nat20070_nat20070_01574.tif,copy-move,jpeg_ghost,0.047478750348091125,0.9466730034735356,0.1864337921142578
B,CASIA2/Tp/Tp_S_NNN_S_N_nat20070_nat20070_01574.tif,copy-move,dct_dq,0.053067129105329514,0.9844387025481175,0.35272741317749023
B,CASIA2/Tp/Tp_S_NNN_S_N_nat20070_nat20070_01574.tif,copy-move,edges,0.08306998014450073,0.8641675902199049,0.17435403168201447
B,CASIA2/Tp/Tp_S_NNN_S_N_nat20070_nat20070_01574.tif,copy-move,cm_keypoint,0.01828528381884098,0.9714729419804714,0.4243961274623871
B,CASIA2/Tp/Tp_S_NNN_S_N_nat20070_nat20070_01574.tif,copy-move,cm_block,0.1138576790690422,0.4421101240633361,-0.11577975004911423
B,CASIA2/Tp/Tp_S_NRN_S_B_arc20027_arc20027_01480.tif,copy-move,ela,0.07533390074968338,0.4967218461800015,-0.02173634245991707
B,CASIA2/Tp/Tp_S_NRN_S_B_arc20027_arc20027_01480.tif,copy-move,histogram,0.09994357079267502,0.5710739924220719,0.02202240377664566
B,CASIA2/Tp/Tp_S_NRN_S_B_arc20027_arc20027_01480.tif,copy-move,noise,0.13601280748844147,0.7331390088941765,0.1423613429069519
B,CASIA2/Tp/Tp_S_NRN_S_B_arc20027_arc20027_01480.tif,copy-move,jpeg_ghost,0.07633401453495026,0.5326568291248421,-0.010769307613372803
B,CASIA2/Tp/Tp_S_NRN_S_B_arc20027_arc20027_01480.tif,copy-move,dct_dq,0.04795578494668007,0.585234566795663,0.011199288070201874
B,CASIA2/Tp/Tp_S_NRN_S_B_arc20027_arc20027_01480.tif,copy-move,edges,0.11636936664581299,0.6709164783956043,0.03739124536514282
B,CASIA2/Tp/Tp_S_NRN_S_B_arc20027_arc20027_01480.tif,copy-move,cm_keypoint,0.004900164902210236,0.6773833817545696,0.04976191371679306
B,CASIA2/Tp/Tp_S_NRN_S_B_arc20027_arc20027_01480.tif,copy-move,cm_block,0.012433333322405815,0.4936257975763505,-0.012748404406011105
B,CASIA2/Tp/Tp_S_NNN_S_N_cha10206_cha10206_12344.jpg,copy-move,ela,0.08331453800201416,0.23788201793599578,-0.08206962794065475
B,CASIA2/Tp/Tp_S_NNN_S_N_cha10206_cha10206_12344.jpg,copy-move,histogram,0.0981113463640213,0.3178894977746204,-0.07144644111394882
B,CASIA2/Tp/Tp_S_NNN_S_N_cha10206_cha10206_12344.jpg,copy-move,noise,0.13245780766010284,0.6415728216862866,0.0639076977968216
B,CASIA2/Tp/Tp_S_NNN_S_N_cha10206_cha10206_12344.jpg,copy-move,jpeg_ghost,0.0929151251912117,0.43146935742737347,-0.04240190610289574
B,CASIA2/Tp/Tp_S_NNN_S_N_cha10206_cha10206_12344.jpg,copy-move,dct_dq,0.053408991545438766,0.6267712151967426,0.02107500284910202
B,CASIA2/Tp/Tp_S_NNN_S_N_cha10206_cha10206_12344.jpg,copy-move,edges,0.10184866189956665,0.9070881649293084,0.15905645489692688
B,CASIA2/Tp/Tp_S_NNN_S_N_cha10206_cha10206_12344.jpg,copy-move,cm_keypoint,0.0061439648270606995,0.9735692008911496,0.1634824573993683
B,CASIA2/Tp/Tp_S_NNN_S_N_cha10206_cha10206_12344.jpg,copy-move,cm_block,0.10689999908208847,0.46108132188819756,-0.07783735543489456
B,CASIA2/Tp/Tp_S_NNN_S_B_arc00094_arc00094_01043.tif,copy-move,ela,0.06703579425811768,0.6146173637972472,-0.0030345171689987183
B,CASIA2/Tp/Tp_S_NNN_S_B_arc00094_arc00094_01043.tif,copy-move,histogram,0.06088368594646454,0.2982417631021658,-0.053475961089134216
B,CASIA2/Tp/Tp_S_NNN_S_B_arc00094_arc00094_01043.tif,copy-move,noise,0.08541133999824524,0.270215028055886,-0.07095944881439209
B,CASIA2/Tp/Tp_S_NNN_S_B_arc00094_arc00094_01043.tif,copy-move,jpeg_ghost,0.09355128556489944,0.6626096097101891,0.0130842924118042
B,CASIA2/Tp/Tp_S_NNN_S_B_arc00094_arc00094_01043.tif,copy-move,dct_dq,0.08293541520833969,0.7917852156258263,0.09847962111234665
B,CASIA2/Tp/Tp_S_NNN_S_B_arc00094_arc00094_01043.tif,copy-move,edges,0.07982155680656433,0.6086997745651342,-0.004265092313289642
B,CASIA2/Tp/Tp_S_NNN_S_B_arc00094_arc00094_01043.tif,copy-move,cm_keypoint,0.00830859038978815,0.9368299111967286,0.19316555559635162
B,CASIA2/Tp/Tp_S_NNN_S_B_arc00094_arc00094_01043.tif,copy-move,cm_block,0.35986328125,0.32071232643220665,-0.35857534408569336
B,CASIA2/Tp/Tp_S_NNN_S_B_arc00099_arc00099_01031.tif,copy-move,ela,0.04546563699841499,0.348499496304543,-0.023537026718258858
B,CASIA2/Tp/Tp_S_NNN_S_B_arc00099_arc00099_01031.tif,copy-move,histogram,0.06765026599168777,0.4007356977822086,-0.02930363267660141
B,CASIA2/Tp/Tp_S_NNN_S_B_arc00099_arc00099_01031.tif,copy-move,noise,0.07261916249990463,0.2416619073722427,-0.05416857823729515
B,CASIA2/Tp/Tp_S_NNN_S_B_arc00099_arc00099_01031.tif,copy-move,jpeg_ghost,0.07316801697015762,0.38205692520705753,-0.035805363208055496
B,CASIA2/Tp/Tp_S_NNN_S_B_arc00099_arc00099_01031.tif,copy-move,dct_dq,0.05384895205497742,0.4228487550452447,-0.010076817125082016
B,CASIA2/Tp/Tp_S_NNN_S_B_arc00099_arc00099_01031.tif,copy-move,edges,0.0688265934586525,0.39088364334744485,-0.013085547834634781
B,CASIA2/Tp/Tp_S_NNN_S_B_arc00099_arc00099_01031.tif,copy-move,cm_keypoint,0.0,0.5,0.0
B,CASIA2/Tp/Tp_S_NNN_S_B_arc00099_arc00099_01031.tif,copy-move,cm_block,0.0,0.5,0.0
B,CASIA2/Tp/Tp_S_CNN_M_N_sec00087_sec00087_10361.tif,copy-move,ela,0.07430486381053925,0.618904421763647,0.040799424052238464
B,CASIA2/Tp/Tp_S_CNN_M_N_sec00087_sec00087_10361.tif,copy-move,histogram,0.09657447785139084,0.5598477404785606,0.002575986087322235
B,CASIA2/Tp/Tp_S_CNN_M_N_sec00087_sec00087_10361.tif,copy-move,noise,0.09793204069137573,0.6126234485725189,0.026667438447475433
B,CASIA2/Tp/Tp_S_CNN_M_N_sec00087_sec00087_10361.tif,copy-move,jpeg_ghost,0.08952569961547852,0.9061475637613221,0.19009914994239807
B,CASIA2/Tp/Tp_S_CNN_M_N_sec00087_sec00087_10361.tif,copy-move,dct_dq,0.05822494626045227,0.7774367581787012,0.06677363812923431
B,CASIA2/Tp/Tp_S_CNN_M_N_sec00087_sec00087_10361.tif,copy-move,edges,0.1226317510008812,0.5773580729711818,0.011488914489746094
B,CASIA2/Tp/Tp_S_CNN_M_N_sec00087_sec00087_10361.tif,copy-move,cm_keypoint,0.14905104041099548,0.7275960776613729,0.10525110363960266
B,CASIA2/Tp/Tp_S_CNN_M_N_sec00087_sec00087_10361.tif,copy-move,cm_block,0.28125,0.5841040073184385,0.1682080179452896
B,CASIA2/Tp/Tp_S_NNN_S_N_sec00065_sec00065_10382.tif,copy-move,ela,0.08533012866973877,0.7365347167120913,0.08246636390686035
B,CASIA2/Tp/Tp_S_NNN_S_N_sec00065_sec00065_10382.tif,copy-move,histogram,0.16774480044841766,0.41545805129435537,-0.1227060854434967
B,CASIA2/Tp/Tp_S_NNN_S_N_sec00065_sec00065_10382.tif,copy-move,noise,0.11939665675163269,0.31624732115932863,-0.04500116407871246
B,CASIA2/Tp/Tp_S_NNN_S_N_sec00065_sec00065_10382.tif,copy-move,jpeg_ghost,0.1564258188009262,0.8976145517220848,0.3748959004878998
B,CASIA2/Tp/Tp_S_NNN_S_N_sec00065_sec00065_10382.tif,copy-move,dct_dq,0.07400548458099365,0.8445641355547253,0.13371485471725464
B,CASIA2/Tp/Tp_S_NNN_S_N_sec00065_sec00065_10382.tif,copy-move,edges,0.14360158145427704,0.7816225226442657,0.0682058185338974
B,CASIA2/Tp/Tp_S_NNN_S_N_sec00065_sec00065_10382.tif,copy-move,cm_keypoint,0.010450177825987339,0.8655697314265347,0.2865869700908661
B,CASIA2/Tp/Tp_S_NNN_S_N_sec00065_sec00065_10382.tif,copy-move,cm_block,0.0,0.5,0.0
B,CASIA2/Tp/Tp_D_NRN_M_B_ind00053_cha00062_11379.jpg,splicing,ela,0.07914163917303085,0.8485451780913307,0.20263178646564484
B,CASIA2/Tp/Tp_D_NRN_M_B_ind00053_cha00062_11379.jpg,splicing,histogram,0.10224773734807968,0.708166332689438,0.028989873826503754
B,CASIA2/Tp/Tp_D_NRN_M_B_ind00053_cha00062_11379.jpg,splicing,noise,0.09887498617172241,0.4357235542816821,-0.013976991176605225
B,CASIA2/Tp/Tp_D_NRN_M_B_ind00053_cha00062_11379.jpg,splicing,jpeg_ghost,0.06690316647291183,0.743719767898596,0.1046181172132492
B,CASIA2/Tp/Tp_D_NRN_M_B_ind00053_cha00062_11379.jpg,splicing,dct_dq,0.051789239048957825,0.6899319523709903,0.028765574097633362
B,CASIA2/Tp/Tp_D_NRN_M_B_ind00053_cha00062_11379.jpg,splicing,edges,0.11717166751623154,0.41351723882151603,-0.03623562306165695
B,CASIA2/Tp/Tp_D_NRN_M_B_ind00053_cha00062_11379.jpg,splicing,cm_keypoint,0.01447345968335867,0.4167153363616699,-0.015388266183435917
B,CASIA2/Tp/Tp_D_NRN_M_B_ind00053_cha00062_11379.jpg,splicing,cm_block,0.0,0.5,0.0
B,CASIA2/Tp/Tp_D_NRN_S_N_ani00033_ani00032_10233.tif,splicing,ela,0.0724399983882904,0.5470665535538767,0.018802016973495483
B,CASIA2/Tp/Tp_D_NRN_S_N_ani00033_ani00032_10233.tif,splicing,histogram,0.08670071512460709,0.527523180015643,-0.01071833074092865
B,CASIA2/Tp/Tp_D_NRN_S_N_ani00033_ani00032_10233.tif,splicing,noise,0.166794553399086,0.45262149943337593,-0.05819219350814819
B,CASIA2/Tp/Tp_D_NRN_S_N_ani00033_ani00032_10233.tif,splicing,jpeg_ghost,0.07961948215961456,0.4928760230934731,0.005928546190261841
B,CASIA2/Tp/Tp_D_NRN_S_N_ani00033_ani00032_10233.tif,splicing,dct_dq,0.0680617019534111,0.48554319914193034,0.0020016878843307495
B,CASIA2/Tp/Tp_D_NRN_S_N_ani00033_ani00032_10233.tif,splicing,edges,0.0795295462012291,0.5819688925820271,0.0571293830871582
B,CASIA2/Tp/Tp_D_NRN_S_N_ani00033_ani00032_10233.tif,splicing,cm_keypoint,0.0,0.5,0.0
B,CASIA2/Tp/Tp_D_NRN_S_N_ani00033_ani00032_10233.tif,splicing,cm_block,0.01790364645421505,0.5552423727992652,0.11048474162817001
B,CASIA2/Tp/Tp_D_NRN_M_N_cha00027_cha00028_11785.jpg,splicing,ela,0.08359094709157944,0.6670265651879159,0.09148825705051422
B,CASIA2/Tp/Tp_D_NRN_M_N_cha00027_cha00028_11785.jpg,splicing,histogram,0.13749273121356964,0.493001995385353,-0.023344792425632477
B,CASIA2/Tp/Tp_D_NRN_M_N_cha00027_cha00028_11785.jpg,splicing,noise,0.12851715087890625,0.44743435552347655,-0.015179738402366638
B,CASIA2/Tp/Tp_D_NRN_M_N_cha00027_cha00028_11785.jpg,splicing,jpeg_ghost,0.09432286769151688,0.47284861644979226,-0.019062764942646027
B,CASIA2/Tp/Tp_D_NRN_M_N_cha00027_cha00028_11785.jpg,splicing,dct_dq,0.07222618907690048,0.6842187523823934,0.0658745989203453
B,CASIA2/Tp/Tp_D_NRN_M_N_cha00027_cha00028_11785.jpg,splicing,edges,0.1559893637895584,0.5612084678613704,0.03137969970703125
B,CASIA2/Tp/Tp_D_NRN_M_N_cha00027_cha00028_11785.jpg,splicing,cm_keypoint,0.0,0.5,0.0
B,CASIA2/Tp/Tp_D_NRN_M_N_cha00027_cha00028_11785.jpg,splicing,cm_block,0.0,0.5,0.0
B,CASIA2/Tp/Tp_D_NNN_S_N_nat00052_cha00042_11083.jpg,splicing,ela,0.05123806372284889,0.9388613782021817,0.27679985761642456
B,CASIA2/Tp/Tp_D_NNN_S_N_nat00052_cha00042_11083.jpg,splicing,histogram,0.06306659430265427,0.7292848820881552,0.07122548669576645
B,CASIA2/Tp/Tp_D_NNN_S_N_nat00052_cha00042_11083.jpg,splicing,noise,0.06812656670808792,0.5798571431602474,0.004493393003940582
B,CASIA2/Tp/Tp_D_NNN_S_N_nat00052_cha00042_11083.jpg,splicing,jpeg_ghost,0.07506761699914932,0.7433762848660062,0.037680692970752716
B,CASIA2/Tp/Tp_D_NNN_S_N_nat00052_cha00042_11083.jpg,splicing,dct_dq,0.04475931450724602,0.7809658616347385,0.042942337691783905
B,CASIA2/Tp/Tp_D_NNN_S_N_nat00052_cha00042_11083.jpg,splicing,edges,0.09060177952051163,0.6754651664557872,0.01995081454515457
B,CASIA2/Tp/Tp_D_NNN_S_N_nat00052_cha00042_11083.jpg,splicing,cm_keypoint,0.0,0.5,0.0
B,CASIA2/Tp/Tp_D_NNN_S_N_nat00052_cha00042_11083.jpg,splicing,cm_block,0.0533854179084301,0.47264700670273424,-0.05470598489046097
B,CASIA2/Tp/Tp_D_CRN_S_B_pla00071_pla00070_11214.jpg,splicing,ela,0.08533304184675217,0.686915590709004,0.06764745712280273
B,CASIA2/Tp/Tp_D_CRN_S_B_pla00071_pla00070_11214.jpg,splicing,histogram,0.13383148610591888,0.4271831735940995,-0.077792689204216
B,CASIA2/Tp/Tp_D_CRN_S_B_pla00071_pla00070_11214.jpg,splicing,noise,0.10676369816064835,0.3060102189324203,-0.03628729283809662
B,CASIA2/Tp/Tp_D_CRN_S_B_pla00071_pla00070_11214.jpg,splicing,jpeg_ghost,0.09285565465688705,0.4983242938361405,0.003232225775718689
B,CASIA2/Tp/Tp_D_CRN_S_B_pla00071_pla00070_11214.jpg,splicing,dct_dq,0.06278540194034576,0.4421688698386844,-0.018728826195001602
B,CASIA2/Tp/Tp_D_CRN_S_B_pla00071_pla00070_11214.jpg,splicing,edges,0.1415042132139206,0.45202455081359816,-0.026982374489307404
B,CASIA2/Tp/Tp_D_CRN_S_B_pla00071_pla00070_11214.jpg,splicing,cm_keypoint,0.0,0.5,0.0
B,CASIA2/Tp/Tp_D_CRN_S_B_pla00071_pla00070_11214.jpg,splicing,cm_block,0.0,0.5,0.0
B,CASIA2/Tp/Tp_D_NRN_S_N_cha00027_ani10123_11685.jpg,splicing,ela,0.08159922808408737,0.8077353906959732,0.1199607327580452
B,CASIA2/Tp/Tp_D_NRN_S_N_cha00027_ani10123_11685.jpg,splicing,histogram,0.14203603565692902,0.4773799557214351,-0.08974920213222504
B,CASIA2/Tp/Tp_D_NRN_S_N_cha00027_ani10123_11685.jpg,splicing,noise,0.12892724573612213,0.2959328425468544,-0.052472956478595734
B,CASIA2/Tp/Tp_D_NRN_S_N_cha00027_ani10123_11685.jpg,splicing,jpeg_ghost,0.10750795155763626,0.5731798175175812,-0.00156441330909729
B,CASIA2/Tp/Tp_D_NRN_S_N_cha00027_ani10123_11685.jpg,splicing,dct_dq,0.07271137088537216,0.5342176302775016,0.004622422158718109
B,CASIA2/Tp/Tp_D_NRN_S_N_cha00027_ani10123_11685.jpg,splicing,edges,0.17440533638000488,0.5364071569757594,-0.04514852166175842
B,CASIA2/Tp/Tp_D_NRN_S_N_cha00027_ani10123_11685.jpg,splicing,cm_keypoint,0.0,0.5,0.0
B,CASIA2/Tp/Tp_D_NRN_S_N_cha00027_ani10123_11685.jpg,splicing,cm_block,0.0,0.5,0.0
B,CASIA2/Tp/Tp_D_NRN_M_N_art10115_cha10110_11536.jpg,splicing,ela,0.08429954200983047,0.900075603744709,0.37912702560424805
B,CASIA2/Tp/Tp_D_NRN_M_N_art10115_cha10110_11536.jpg,splicing,histogram,0.11321574449539185,0.7119176228531023,0.12302793562412262
B,CASIA2/Tp/Tp_D_NRN_M_N_art10115_cha10110_11536.jpg,splicing,noise,0.10940208286046982,0.3561815961687765,-0.03892520070075989
B,CASIA2/Tp/Tp_D_NRN_M_N_art10115_cha10110_11536.jpg,splicing,jpeg_ghost,0.12568925321102142,0.7836632791383527,0.16444948315620422
B,CASIA2/Tp/Tp_D_NRN_M_N_art10115_cha10110_11536.jpg,splicing,dct_dq,0.06500886380672455,0.6661017373331823,0.035958632826805115
B,CASIA2/Tp/Tp_D_NRN_M_N_art10115_cha10110_11536.jpg,splicing,edges,0.13839057087898254,0.9147631265926763,0.37070560455322266
B,CASIA2/Tp/Tp_D_NRN_M_N_art10115_cha10110_11536.jpg,splicing,cm_keypoint,0.01802261918783188,0.6941222763075432,0.15665066242218018
B,CASIA2/Tp/Tp_D_NRN_M_N_art10115_cha10110_11536.jpg,splicing,cm_block,0.0724283829331398,0.46157582298974636,-0.0768483504652977
B,CASIA2/Tp/Tp_D_NNN_M_B_arc10117_arc10115_10744.jpg,splicing,ela,0.05639628693461418,0.5047237601172219,0.00048549845814704895
B,CASIA2/Tp/Tp_D_NNN_M_B_arc10117_arc10115_10744.jpg,splicing,histogram,0.11068475246429443,0.776689252320038,0.22488465905189514
B,CASIA2/Tp/Tp_D_NNN_M_B_arc10117_arc10115_10744.jpg,splicing,noise,0.10703634470701218,0.7251183405071077,0.06822753697633743
B,CASIA2/Tp/Tp_D_NNN_M_B_arc10117_arc10115_10744.jpg,splicing,jpeg_ghost,0.0689038634300232,0.6231777433759705,0.018855370581150055
B,CASIA2/Tp/Tp_D_NNN_M_B_arc10117_arc10115_10744.jpg,splicing,dct_dq,0.05824963375926018,0.41868963793973046,-0.023623298853635788
B,CASIA2/Tp/Tp_D_NNN_M_B_arc10117_arc10115_10744.jpg,splicing,edges,0.11604028940200806,0.6604921156624043,0.060567356646060944
B,CASIA2/Tp/Tp_D_NNN_M_B_arc10117_arc10115_10744.jpg,splicing,cm_keypoint,0.0,0.5,0.0
B,CASIA2/Tp/Tp_D_NNN_M_B_arc10117_arc10115_10744.jpg,splicing,cm_block,0.17075200378894806,0.7565643198478947,0.5131286382675171
B,CASIA2/Au/Au_ani_30392.jpg,none,ela,0.027353955432772636,,
B,CASIA2/Au/Au_ani_30392.jpg,none,histogram,0.04147309437394142,,
B,CASIA2/Au/Au_ani_30392.jpg,none,noise,0.020600875839591026,,
B,CASIA2/Au/Au_ani_30392.jpg,none,jpeg_ghost,0.027305742725729942,,
B,CASIA2/Au/Au_ani_30392.jpg,none,dct_dq,0.025147372856736183,,
B,CASIA2/Au/Au_ani_30392.jpg,none,edges,0.04532749578356743,,
B,CASIA2/Au/Au_ani_30392.jpg,none,cm_keypoint,0.0,,
B,CASIA2/Au/Au_ani_30392.jpg,none,cm_block,0.0,,
B,CASIA2/Au/Au_arc_30296.jpg,none,ela,0.07409124821424484,,
B,CASIA2/Au/Au_arc_30296.jpg,none,histogram,0.12782765924930573,,
B,CASIA2/Au/Au_arc_30296.jpg,none,noise,0.12303084135055542,,
B,CASIA2/Au/Au_arc_30296.jpg,none,jpeg_ghost,0.08786766976118088,,
B,CASIA2/Au/Au_arc_30296.jpg,none,dct_dq,0.06137171387672424,,
B,CASIA2/Au/Au_arc_30296.jpg,none,edges,0.14622093737125397,,
B,CASIA2/Au/Au_arc_30296.jpg,none,cm_keypoint,0.0,,
B,CASIA2/Au/Au_arc_30296.jpg,none,cm_block,0.0,,
B,CASIA2/Au/Au_cha_10207.jpg,none,ela,0.10306788235902786,,
B,CASIA2/Au/Au_cha_10207.jpg,none,histogram,0.09974216669797897,,
B,CASIA2/Au/Au_cha_10207.jpg,none,noise,0.10457690060138702,,
B,CASIA2/Au/Au_cha_10207.jpg,none,jpeg_ghost,0.08858808130025864,,
B,CASIA2/Au/Au_cha_10207.jpg,none,dct_dq,0.0504884198307991,,
B,CASIA2/Au/Au_cha_10207.jpg,none,edges,0.12924201786518097,,
B,CASIA2/Au/Au_cha_10207.jpg,none,cm_keypoint,0.0,,
B,CASIA2/Au/Au_cha_10207.jpg,none,cm_block,0.002133333357051015,,
B,CASIA2/Au/Au_ind_00014.jpg,none,ela,0.07980065792798996,,
B,CASIA2/Au/Au_ind_00014.jpg,none,histogram,0.13896016776561737,,
B,CASIA2/Au/Au_ind_00014.jpg,none,noise,0.09850490093231201,,
B,CASIA2/Au/Au_ind_00014.jpg,none,jpeg_ghost,0.09012356400489807,,
B,CASIA2/Au/Au_ind_00014.jpg,none,dct_dq,0.07651782780885696,,
B,CASIA2/Au/Au_ind_00014.jpg,none,edges,0.13371875882148743,,
B,CASIA2/Au/Au_ind_00014.jpg,none,cm_keypoint,0.0,,
B,CASIA2/Au/Au_ind_00014.jpg,none,cm_block,0.0,,
R,CASIA2/Tp/Tp_S_CNN_M_N_pla00082_pla00082_10461.tif,copy-move,ela,0.08108162879943848,0.4653875729035808,-0.012757912278175354
R,CASIA2/Tp/Tp_S_CNN_M_N_pla00082_pla00082_10461.tif,copy-move,histogram,0.157756045460701,0.44692340631826477,-0.05283864587545395
R,CASIA2/Tp/Tp_S_CNN_M_N_pla00082_pla00082_10461.tif,copy-move,noise,0.12212938070297241,0.5003839664893253,-0.0013384521007537842
R,CASIA2/Tp/Tp_S_CNN_M_N_pla00082_pla00082_10461.tif,copy-move,jpeg_ghost,0.09959103167057037,0.4988695408358716,-0.004891581833362579
R,CASIA2/Tp/Tp_S_CNN_M_N_pla00082_pla00082_10461.tif,copy-move,dct_dq,0.05659317225217819,0.5409480179715463,0.009217709302902222
R,CASIA2/Tp/Tp_S_CNN_M_N_pla00082_pla00082_10461.tif,copy-move,edges,0.1332581788301468,0.5040659838107472,-0.0024590790271759033
R,CASIA2/Tp/Tp_S_CNN_M_N_pla00082_pla00082_10461.tif,copy-move,cm_keypoint,0.25474828481674194,0.7216521413003019,0.15892693400382996
R,CASIA2/Tp/Tp_S_CNN_M_N_pla00082_pla00082_10461.tif,copy-move,cm_block,0.09432870149612427,0.5290995628320404,0.05819912254810333
R,CASIA2/Tp/Tp_S_NNN_S_N_nat20070_nat20070_01574.tif,copy-move,ela,0.048930808901786804,0.6833085525327226,0.01260913535952568
R,CASIA2/Tp/Tp_S_NNN_S_N_nat20070_nat20070_01574.tif,copy-move,histogram,0.058048613369464874,0.9366233697156066,0.25613462924957275
R,CASIA2/Tp/Tp_S_NNN_S_N_nat20070_nat20070_01574.tif,copy-move,noise,0.0655241310596466,0.529100903244019,0.004955008625984192
R,CASIA2/Tp/Tp_S_NNN_S_N_nat20070_nat20070_01574.tif,copy-move,jpeg_ghost,0.06947075575590134,0.6040348437072837,-0.01352955773472786
R,CASIA2/Tp/Tp_S_NNN_S_N_nat20070_nat20070_01574.tif,copy-move,dct_dq,0.04135708138346672,0.8741002375487628,0.0931682363152504
R,CASIA2/Tp/Tp_S_NNN_S_N_nat20070_nat20070_01574.tif,copy-move,edges,0.07824324071407318,0.8175507761381672,0.1331900805234909
R,CASIA2/Tp/Tp_S_NNN_S_N_nat20070_nat20070_01574.tif,copy-move,cm_keypoint,0.01940092258155346,0.9778888357960599,0.42408451437950134
R,CASIA2/Tp/Tp_S_NNN_S_N_nat20070_nat20070_01574.tif,copy-move,cm_block,0.09414897859096527,0.45212581363263166,-0.09574837237596512
R,CASIA2/Tp/Tp_S_NRN_S_B_arc20027_arc20027_01480.tif,copy-move,ela,0.07180872559547424,0.48541566663977476,-0.020970474928617477
R,CASIA2/Tp/Tp_S_NRN_S_B_arc20027_arc20027_01480.tif,copy-move,histogram,0.1102498322725296,0.5085790900547144,-0.02121565490961075
R,CASIA2/Tp/Tp_S_NRN_S_B_arc20027_arc20027_01480.tif,copy-move,noise,0.10555768013000488,0.6394080184303094,0.0456763356924057
R,CASIA2/Tp/Tp_S_NRN_S_B_arc20027_arc20027_01480.tif,copy-move,jpeg_ghost,0.0858011394739151,0.39460166927890633,-0.04158831760287285
R,CASIA2/Tp/Tp_S_NRN_S_B_arc20027_arc20027_01480.tif,copy-move,dct_dq,0.0461757555603981,0.5635390681031338,0.00747261568903923
R,CASIA2/Tp/Tp_S_NRN_S_B_arc20027_arc20027_01480.tif,copy-move,edges,0.12260598689317703,0.6169549850829341,0.015273384749889374
R,CASIA2/Tp/Tp_S_NRN_S_B_arc20027_arc20027_01480.tif,copy-move,cm_keypoint,0.0,0.5,0.0
R,CASIA2/Tp/Tp_S_NRN_S_B_arc20027_arc20027_01480.tif,copy-move,cm_block,0.02370370365679264,0.4878479474423727,-0.02430410496890545
R,CASIA2/Tp/Tp_S_NNN_S_N_cha10206_cha10206_12344.jpg,copy-move,ela,0.08241935074329376,0.1707728370648162,-0.08375363051891327
R,CASIA2/Tp/Tp_S_NNN_S_N_cha10206_cha10206_12344.jpg,copy-move,histogram,0.09158004820346832,0.23436034062825514,-0.07134030014276505
R,CASIA2/Tp/Tp_S_NNN_S_N_cha10206_cha10206_12344.jpg,copy-move,noise,0.14912694692611694,0.6824312708937428,0.08471065759658813
R,CASIA2/Tp/Tp_S_NNN_S_N_cha10206_cha10206_12344.jpg,copy-move,jpeg_ghost,0.09423783421516418,0.30591088237657127,-0.05369608476758003
R,CASIA2/Tp/Tp_S_NNN_S_N_cha10206_cha10206_12344.jpg,copy-move,dct_dq,0.04663366451859474,0.7136209987155147,0.037842802703380585
R,CASIA2/Tp/Tp_S_NNN_S_N_cha10206_cha10206_12344.jpg,copy-move,edges,0.10711374133825302,0.9263175344944626,0.1631813943386078
R,CASIA2/Tp/Tp_S_NNN_S_N_cha10206_cha10206_12344.jpg,copy-move,cm_keypoint,0.009732150472700596,0.9893374697929839,0.26859238743782043
R,CASIA2/Tp/Tp_S_NNN_S_N_cha10206_cha10206_12344.jpg,copy-move,cm_block,0.06512592732906342,0.46689036009369517,-0.0662192776799202
R,CASIA2/Tp/Tp_S_NNN_S_B_arc00094_arc00094_01043.tif,copy-move,ela,0.07976507395505905,0.6339784071017789,-4.436075687408447e-05
R,CASIA2/Tp/Tp_S_NNN_S_B_arc00094_arc00094_01043.tif,copy-move,histogram,0.05348467081785202,0.20263353582166257,-0.051966916769742966
R,CASIA2/Tp/Tp_S_NNN_S_B_arc00094_arc00094_01043.tif,copy-move,noise,0.15842391550540924,0.3454981564080399,-0.08532264828681946
R,CASIA2/Tp/Tp_S_NNN_S_B_arc00094_arc00094_01043.tif,copy-move,jpeg_ghost,0.1156105324625969,0.6262864610772952,0.0027892962098121643
R,CASIA2/Tp/Tp_S_NNN_S_B_arc00094_arc00094_01043.tif,copy-move,dct_dq,0.041966505348682404,0.807561385422803,0.05887557566165924
R,CASIA2/Tp/Tp_S_NNN_S_B_arc00094_arc00094_01043.tif,copy-move,edges,0.08208815008401871,0.7723211506912997,0.06430509686470032
R,CASIA2/Tp/Tp_S_NNN_S_B_arc00094_arc00094_01043.tif,copy-move,cm_keypoint,0.0,0.5,0.0
R,CASIA2/Tp/Tp_S_NNN_S_B_arc00094_arc00094_01043.tif,copy-move,cm_block,0.39467594027519226,0.30755594422946814,-0.3848881125450134
R,CASIA2/Tp/Tp_S_NNN_S_B_arc00099_arc00099_01031.tif,copy-move,ela,0.056522220373153687,0.35035351883500754,-0.03825552016496658
R,CASIA2/Tp/Tp_S_NNN_S_B_arc00099_arc00099_01031.tif,copy-move,histogram,0.06715022027492523,0.5156470891598304,0.0019146054983139038
R,CASIA2/Tp/Tp_S_NNN_S_B_arc00099_arc00099_01031.tif,copy-move,noise,0.08655005693435669,0.2288559644541603,-0.06392732262611389
R,CASIA2/Tp/Tp_S_NNN_S_B_arc00099_arc00099_01031.tif,copy-move,jpeg_ghost,0.05769480764865875,0.5385398423192898,-0.007039990276098251
R,CASIA2/Tp/Tp_S_NNN_S_B_arc00099_arc00099_01031.tif,copy-move,dct_dq,0.044712405651807785,0.32848572316579716,-0.03304799273610115
R,CASIA2/Tp/Tp_S_NNN_S_B_arc00099_arc00099_01031.tif,copy-move,edges,0.08126195520162582,0.5249202042821131,0.014359451830387115
R,CASIA2/Tp/Tp_S_NNN_S_B_arc00099_arc00099_01031.tif,copy-move,cm_keypoint,0.0,0.5,0.0
R,CASIA2/Tp/Tp_S_NNN_S_B_arc00099_arc00099_01031.tif,copy-move,cm_block,0.0,0.5,0.0
R,CASIA2/Tp/Tp_S_CNN_M_N_sec00087_sec00087_10361.tif,copy-move,ela,0.06801789253950119,0.5428909639127966,0.004458695650100708
R,CASIA2/Tp/Tp_S_CNN_M_N_sec00087_sec00087_10361.tif,copy-move,histogram,0.10467241704463959,0.5689374544017358,-0.0064384788274765015
R,CASIA2/Tp/Tp_S_CNN_M_N_sec00087_sec00087_10361.tif,copy-move,noise,0.1026189848780632,0.6225358999317958,0.03307940810918808
R,CASIA2/Tp/Tp_S_CNN_M_N_sec00087_sec00087_10361.tif,copy-move,jpeg_ghost,0.07933953404426575,0.5182937958373279,0.012000948190689087
R,CASIA2/Tp/Tp_S_CNN_M_N_sec00087_sec00087_10361.tif,copy-move,dct_dq,0.061384089291095734,0.5879321121641995,0.017077837139368057
R,CASIA2/Tp/Tp_S_CNN_M_N_sec00087_sec00087_10361.tif,copy-move,edges,0.11635085195302963,0.5327864987905344,0.007634736597537994
R,CASIA2/Tp/Tp_S_CNN_M_N_sec00087_sec00087_10361.tif,copy-move,cm_keypoint,0.24561649560928345,0.7251379204131382,0.17054881155490875
R,CASIA2/Tp/Tp_S_CNN_M_N_sec00087_sec00087_10361.tif,copy-move,cm_block,0.5914351940155029,0.6892777285237304,0.3785554766654968
R,CASIA2/Tp/Tp_S_NNN_S_N_sec00065_sec00065_10382.tif,copy-move,ela,0.07760586589574814,0.7932135996026313,0.168270081281662
R,CASIA2/Tp/Tp_S_NNN_S_N_sec00065_sec00065_10382.tif,copy-move,histogram,0.16922113299369812,0.7073955834119455,0.16901372373104095
R,CASIA2/Tp/Tp_S_NNN_S_N_sec00065_sec00065_10382.tif,copy-move,noise,0.11020661890506744,0.6370567830195182,0.02374798059463501
R,CASIA2/Tp/Tp_S_NNN_S_N_sec00065_sec00065_10382.tif,copy-move,jpeg_ghost,0.10794256627559662,0.6671555659879226,0.027946017682552338
R,CASIA2/Tp/Tp_S_NNN_S_N_sec00065_sec00065_10382.tif,copy-move,dct_dq,0.0696059837937355,0.707289500668207,0.04118822515010834
R,CASIA2/Tp/Tp_S_NNN_S_N_sec00065_sec00065_10382.tif,copy-move,edges,0.14376144111156464,0.6647298795492276,0.011606141924858093
R,CASIA2/Tp/Tp_S_NNN_S_N_sec00065_sec00065_10382.tif,copy-move,cm_keypoint,0.0,0.5,0.0
R,CASIA2/Tp/Tp_S_NNN_S_N_sec00065_sec00065_10382.tif,copy-move,cm_block,0.0,0.5,0.0
R,CASIA2/Tp/Tp_D_NRN_M_B_ind00053_cha00062_11379.jpg,splicing,ela,0.07761357724666595,0.8813199867241157,0.26950109004974365
R,CASIA2/Tp/Tp_D_NRN_M_B_ind00053_cha00062_11379.jpg,splicing,histogram,0.10159451514482498,0.6953801956873874,0.05574914813041687
R,CASIA2/Tp/Tp_D_NRN_M_B_ind00053_cha00062_11379.jpg,splicing,noise,0.09768551588058472,0.46976087655325716,-0.006469428539276123
R,CASIA2/Tp/Tp_D_NRN_M_B_ind00053_cha00062_11379.jpg,splicing,jpeg_ghost,0.08629710227251053,0.7159219733932105,0.04776567965745926
R,CASIA2/Tp/Tp_D_NRN_M_B_ind00053_cha00062_11379.jpg,splicing,dct_dq,0.052198559045791626,0.6872415508249394,0.02940521016716957
R,CASIA2/Tp/Tp_D_NRN_M_B_ind00053_cha00062_11379.jpg,splicing,edges,0.11309362202882767,0.3533489760199996,-0.04110711067914963
R,CASIA2/Tp/Tp_D_NRN_M_B_ind00053_cha00062_11379.jpg,splicing,cm_keypoint,0.0,0.5,0.0
R,CASIA2/Tp/Tp_D_NRN_M_B_ind00053_cha00062_11379.jpg,splicing,cm_block,0.0,0.5,0.0
R,CASIA2/Tp/Tp_D_NRN_S_N_ani00033_ani00032_10233.tif,splicing,ela,0.0805119052529335,0.6595255810957373,0.08316165953874588
R,CASIA2/Tp/Tp_D_NRN_S_N_ani00033_ani00032_10233.tif,splicing,histogram,0.08463839441537857,0.605915467550833,0.009799778461456299
R,CASIA2/Tp/Tp_D_NRN_S_N_ani00033_ani00032_10233.tif,splicing,noise,0.15085138380527496,0.5303785125018496,0.007417991757392883
R,CASIA2/Tp/Tp_D_NRN_S_N_ani00033_ani00032_10233.tif,splicing,jpeg_ghost,0.07156803458929062,0.246007569448548,-0.0643577128648758
R,CASIA2/Tp/Tp_D_NRN_S_N_ani00033_ani00032_10233.tif,splicing,dct_dq,0.07085996866226196,0.5230344911799177,0.011640779674053192
R,CASIA2/Tp/Tp_D_NRN_S_N_ani00033_ani00032_10233.tif,splicing,edges,0.09338344633579254,0.6764869989430076,0.09885706007480621
R,CASIA2/Tp/Tp_D_NRN_S_N_ani00033_ani00032_10233.tif,splicing,cm_keypoint,0.0,0.5,0.0
R,CASIA2/Tp/Tp_D_NRN_S_N_ani00033_ani00032_10233.tif,splicing,cm_block,0.0,0.5,0.0
R,CASIA2/Tp/Tp_D_NRN_M_N_cha00027_cha00028_11785.jpg,splicing,ela,0.08628271520137787,0.6164524866872962,0.07257119566202164
R,CASIA2/Tp/Tp_D_NRN_M_N_cha00027_cha00028_11785.jpg,splicing,histogram,0.13301807641983032,0.5205009035120916,0.003419250249862671
R,CASIA2/Tp/Tp_D_NRN_M_N_cha00027_cha00028_11785.jpg,splicing,noise,0.12921158969402313,0.49785792407245233,-0.004381626844406128
R,CASIA2/Tp/Tp_D_NRN_M_N_cha00027_cha00028_11785.jpg,splicing,jpeg_ghost,0.08995822072029114,0.5295194391386836,0.003093220293521881
R,CASIA2/Tp/Tp_D_NRN_M_N_cha00027_cha00028_11785.jpg,splicing,dct_dq,0.06245819851756096,0.5326527622145076,0.0028123408555984497
R,CASIA2/Tp/Tp_D_NRN_M_N_cha00027_cha00028_11785.jpg,splicing,edges,0.1441980004310608,0.5249119647555879,0.021096765995025635
R,CASIA2/Tp/Tp_D_NRN_M_N_cha00027_cha00028_11785.jpg,splicing,cm_keypoint,0.0,0.5,0.0
R,CASIA2/Tp/Tp_D_NRN_M_N_cha00027_cha00028_11785.jpg,splicing,cm_block,0.0,0.5,0.0
R,CASIA2/Tp/Tp_D_NNN_S_N_nat00052_cha00042_11083.jpg,splicing,ela,0.05462302640080452,0.9462118948076261,0.3430750072002411
R,CASIA2/Tp/Tp_D_NNN_S_N_nat00052_cha00042_11083.jpg,splicing,histogram,0.06806602329015732,0.9329690060657818,0.2207200527191162
R,CASIA2/Tp/Tp_D_NNN_S_N_nat00052_cha00042_11083.jpg,splicing,noise,0.0837225615978241,0.7690083692398522,0.07507048547267914
R,CASIA2/Tp/Tp_D_NNN_S_N_nat00052_cha00042_11083.jpg,splicing,jpeg_ghost,0.07795948535203934,0.5715419416895752,0.01807783544063568
R,CASIA2/Tp/Tp_D_NNN_S_N_nat00052_cha00042_11083.jpg,splicing,dct_dq,0.04015389457345009,0.7695156771160829,0.04312979802489281
R,CASIA2/Tp/Tp_D_NNN_S_N_nat00052_cha00042_11083.jpg,splicing,edges,0.09364425390958786,0.6632725705222426,0.018456801772117615
R,CASIA2/Tp/Tp_D_NNN_S_N_nat00052_cha00042_11083.jpg,splicing,cm_keypoint,0.0,0.5,0.0
R,CASIA2/Tp/Tp_D_NNN_S_N_nat00052_cha00042_11083.jpg,splicing,cm_block,0.054398149251937866,0.472126468734942,-0.05574706196784973
R,CASIA2/Tp/Tp_D_CRN_S_B_pla00071_pla00070_11214.jpg,splicing,ela,0.08559092879295349,0.607716360204283,0.01701279729604721
R,CASIA2/Tp/Tp_D_CRN_S_B_pla00071_pla00070_11214.jpg,splicing,histogram,0.12907612323760986,0.4719119913586044,-0.058507099747657776
R,CASIA2/Tp/Tp_D_CRN_S_B_pla00071_pla00070_11214.jpg,splicing,noise,0.11143536120653152,0.44808683042021064,-0.013099662959575653
R,CASIA2/Tp/Tp_D_CRN_S_B_pla00071_pla00070_11214.jpg,splicing,jpeg_ghost,0.09672235697507858,0.7107633444656697,0.05872328579425812
R,CASIA2/Tp/Tp_D_CRN_S_B_pla00071_pla00070_11214.jpg,splicing,dct_dq,0.06239401549100876,0.432557144161605,-0.016457747668027878
R,CASIA2/Tp/Tp_D_CRN_S_B_pla00071_pla00070_11214.jpg,splicing,edges,0.13581858575344086,0.4588167689396228,-0.019504167139530182
R,CASIA2/Tp/Tp_D_CRN_S_B_pla00071_pla00070_11214.jpg,splicing,cm_keypoint,0.0,0.5,0.0
R,CASIA2/Tp/Tp_D_CRN_S_B_pla00071_pla00070_11214.jpg,splicing,cm_block,0.0,0.5,0.0
R,CASIA2/Tp/Tp_D_NRN_S_N_cha00027_ani10123_11685.jpg,splicing,ela,0.08428388088941574,0.6696315589081234,0.035729311406612396
R,CASIA2/Tp/Tp_D_NRN_S_N_cha00027_ani10123_11685.jpg,splicing,histogram,0.1474360078573227,0.43179955123188973,-0.11350816488265991
R,CASIA2/Tp/Tp_D_NRN_S_N_cha00027_ani10123_11685.jpg,splicing,noise,0.13654056191444397,0.4199352692491834,-0.03016984462738037
R,CASIA2/Tp/Tp_D_NRN_S_N_cha00027_ani10123_11685.jpg,splicing,jpeg_ghost,0.09449752420186996,0.34242041740460716,-0.07006126642227173
R,CASIA2/Tp/Tp_D_NRN_S_N_cha00027_ani10123_11685.jpg,splicing,dct_dq,0.059525180608034134,0.38733212299412545,-0.025789625942707062
R,CASIA2/Tp/Tp_D_NRN_S_N_cha00027_ani10123_11685.jpg,splicing,edges,0.16287975013256073,0.7062608981391676,0.028852060437202454
R,CASIA2/Tp/Tp_D_NRN_S_N_cha00027_ani10123_11685.jpg,splicing,cm_keypoint,0.0,0.5,0.0
R,CASIA2/Tp/Tp_D_NRN_S_N_cha00027_ani10123_11685.jpg,splicing,cm_block,0.0,0.5,0.0
R,CASIA2/Tp/Tp_D_NRN_M_N_art10115_cha10110_11536.jpg,splicing,ela,0.0827929824590683,0.8977503458057073,0.3675077259540558
R,CASIA2/Tp/Tp_D_NRN_M_N_art10115_cha10110_11536.jpg,splicing,histogram,0.11425086855888367,0.8352354832414552,0.27995583415031433
R,CASIA2/Tp/Tp_D_NRN_M_N_art10115_cha10110_11536.jpg,splicing,noise,0.1331576108932495,0.4687264104428923,-0.01710645854473114
R,CASIA2/Tp/Tp_D_NRN_M_N_art10115_cha10110_11536.jpg,splicing,jpeg_ghost,0.10277202725410461,0.6142168219732356,0.06593353301286697
R,CASIA2/Tp/Tp_D_NRN_M_N_art10115_cha10110_11536.jpg,splicing,dct_dq,0.05253874883055687,0.5157620570783141,0.002912856638431549
R,CASIA2/Tp/Tp_D_NRN_M_N_art10115_cha10110_11536.jpg,splicing,edges,0.14415276050567627,0.8356419196505258,0.3496978282928467
R,CASIA2/Tp/Tp_D_NRN_M_N_art10115_cha10110_11536.jpg,splicing,cm_keypoint,0.0,0.5,0.0
R,CASIA2/Tp/Tp_D_NRN_M_N_art10115_cha10110_11536.jpg,splicing,cm_block,0.03414351865649223,0.48188134584748854,-0.03623730689287186
R,CASIA2/Tp/Tp_D_NNN_M_B_arc10117_arc10115_10744.jpg,splicing,ela,0.055739592760801315,0.541719334998245,0.0013251341879367828
R,CASIA2/Tp/Tp_D_NNN_M_B_arc10117_arc10115_10744.jpg,splicing,histogram,0.10262920707464218,0.7521283577098854,0.16707319021224976
R,CASIA2/Tp/Tp_D_NNN_M_B_arc10117_arc10115_10744.jpg,splicing,noise,0.09066279232501984,0.6355525363753249,0.027173444628715515
R,CASIA2/Tp/Tp_D_NNN_M_B_arc10117_arc10115_10744.jpg,splicing,jpeg_ghost,0.06300697475671768,0.5012757655276656,0.0035181380808353424
R,CASIA2/Tp/Tp_D_NNN_M_B_arc10117_arc10115_10744.jpg,splicing,dct_dq,0.030703434720635414,0.5269889767897284,0.0010739006102085114
R,CASIA2/Tp/Tp_D_NNN_M_B_arc10117_arc10115_10744.jpg,splicing,edges,0.10021454095840454,0.5131982723987927,0.0059226080775260925
R,CASIA2/Tp/Tp_D_NNN_M_B_arc10117_arc10115_10744.jpg,splicing,cm_keypoint,0.0,0.5,0.0
R,CASIA2/Tp/Tp_D_NNN_M_B_arc10117_arc10115_10744.jpg,splicing,cm_block,0.03158244490623474,0.5494977573874967,0.09899552166461945
R,CASIA2/Au/Au_ani_30392.jpg,none,ela,0.02662259340286255,,
R,CASIA2/Au/Au_ani_30392.jpg,none,histogram,0.0523667186498642,,
R,CASIA2/Au/Au_ani_30392.jpg,none,noise,0.02391449362039566,,
R,CASIA2/Au/Au_ani_30392.jpg,none,jpeg_ghost,0.03568999096751213,,
R,CASIA2/Au/Au_ani_30392.jpg,none,dct_dq,0.024534346535801888,,
R,CASIA2/Au/Au_ani_30392.jpg,none,edges,0.048792678862810135,,
R,CASIA2/Au/Au_ani_30392.jpg,none,cm_keypoint,0.0,,
R,CASIA2/Au/Au_ani_30392.jpg,none,cm_block,0.023148147389292717,,
R,CASIA2/Au/Au_arc_30296.jpg,none,ela,0.0804610550403595,,
R,CASIA2/Au/Au_arc_30296.jpg,none,histogram,0.13506808876991272,,
R,CASIA2/Au/Au_arc_30296.jpg,none,noise,0.11654011160135269,,
R,CASIA2/Au/Au_arc_30296.jpg,none,jpeg_ghost,0.08163529634475708,,
R,CASIA2/Au/Au_arc_30296.jpg,none,dct_dq,0.06112165004014969,,
R,CASIA2/Au/Au_arc_30296.jpg,none,edges,0.16674241423606873,,
R,CASIA2/Au/Au_arc_30296.jpg,none,cm_keypoint,0.0,,
R,CASIA2/Au/Au_arc_30296.jpg,none,cm_block,0.0,,
R,CASIA2/Au/Au_cha_10207.jpg,none,ela,0.10501115769147873,,
R,CASIA2/Au/Au_cha_10207.jpg,none,histogram,0.103408582508564,,
R,CASIA2/Au/Au_cha_10207.jpg,none,noise,0.10658488422632217,,
R,CASIA2/Au/Au_cha_10207.jpg,none,jpeg_ghost,0.10182593762874603,,
R,CASIA2/Au/Au_cha_10207.jpg,none,dct_dq,0.047474171966314316,,
R,CASIA2/Au/Au_cha_10207.jpg,none,edges,0.13479945063591003,,
R,CASIA2/Au/Au_cha_10207.jpg,none,cm_keypoint,0.0,,
R,CASIA2/Au/Au_cha_10207.jpg,none,cm_block,0.0,,
R,CASIA2/Au/Au_ind_00014.jpg,none,ela,0.07987909018993378,,
R,CASIA2/Au/Au_ind_00014.jpg,none,histogram,0.1440684199333191,,
R,CASIA2/Au/Au_ind_00014.jpg,none,noise,0.10634030401706696,,
R,CASIA2/Au/Au_ind_00014.jpg,none,jpeg_ghost,0.08443204313516617,,
R,CASIA2/Au/Au_ind_00014.jpg,none,dct_dq,0.0543939433991909,,
R,CASIA2/Au/Au_ind_00014.jpg,none,edges,0.13373100757598877,,
R,CASIA2/Au/Au_ind_00014.jpg,none,cm_keypoint,0.0,,
R,CASIA2/Au/Au_ind_00014.jpg,none,cm_block,0.0,,
